<?xml version="1.0" encoding="UTF-8" standalone="yes"?>
<addon id="service.radioFM.watchdog" name="Helper for FM Radio Nexgen" version="1.0.2" provider-name="Marc Hillesheim">
    <requires>
        <import addon="xbmc.python" version="2.1.0"/>
    </requires>
    <extension point="xbmc.service" library="service.py" start="start"/>
    <extension point="xbmc.addon.metadata">
        <platform>all</platform>
        <summary lang="en">Helper for FM Radio plugin - Stop Radio when media is playing in Kodi</summary>
        <description lang="en">Helper for FM Radio plugin - Stop Radio when media is playing in Kodi</description>
        <license>GNU GENERAL PUBLIC LICENSE. Version 2, June 1991</license>
        <forum>www.raspicarprojekte.de/showthread.php?tid=860</forum>
        <email>hawkeyexp@gmail.com</email>
    </extension>
</addon>
