<window type="dialog" id="1113">
	<defaultcontrol>91</defaultcontrol>
	<allowoverlay>no</allowoverlay>
	<onunload>Control.SetFocus(9002)</onunload>
	<include>16x9_xPos_Relocation</include>
	<include>Window_OpenClose_Animation_Zoom</include>
	<coordinates>
		<system>1</system>
		<posx>-50</posx>
		<posy>0</posy>
	</coordinates>
	<controls>
		<control type="image">
			<posx>0</posx>
			<posy>0</posy>
			<width>1000</width>
			<height>60</height>
			<texture border="5">DialogHeader.png</texture>
		</control>
		<control type="label">
			<description>header label</description>
			<posx>20</posx>
			<posy>0</posy>
			<include>WindowTitleCommons</include>
			<width>910</width>
			<label>20077</label>
		</control>
		<control type="group">
			<posx>930</posx>
			<posy>0</posy>
			<include>DialogCloseButtonCommons</include>
		</control>
		<control type="image">
			<posx>0</posx>
			<posy>60</posy>
			<width>1000</width>
			<height>650</height>
			<texture border="5">DialogHeader.png</texture>
		</control>
		<control type="group">
			<posx>20</posx>
			<posy>75</posy>
			<control type="button">
				<description>left Arrow</description>
				<posx>0</posx>
				<posy>0</posy>
				<width>40</width>
				<height>40</height>
				<texturefocus>arrow-big-left.png</texturefocus>
				<texturenofocus>arrow-big-left.png</texturenofocus>
				<onclick>Control.Move(9,-1)</onclick>
				<include>VisibleFadeEffect</include>
				<visible>Container(9).HasPrevious</visible>
			</control>
			<control type="button" id="11001">
				<description>right Arrow</description>
				<posx>920</posx>
				<posy>0</posy>
				<width>40</width>
				<height>40</height>
				<texturefocus>arrow-big-right.png</texturefocus>
				<texturenofocus>arrow-big-right.png</texturenofocus>
				<onclick>Control.Move(9,1)</onclick>
				<include>VisibleFadeEffect</include>
				<visible>Container(9).HasNext</visible>
			</control>
		</control>
		<control type="grouplist" id="9">
			<description>button area</description>
			<posx>60</posx>
			<posy>70</posy>
			<width>880</width>
			<height>50</height>
			<itemgap>5</itemgap>
			<align>center</align>
			<orientation>horizontal</orientation>
			<onleft>9</onleft>
			<onright>9</onright>
			<onup>2</onup>
			<control type="button" id="91">
				<description>Home Button</description>
				<width>200</width>
				<include>ButtonInfoDialogsCommonValues</include>
				<label>10000</label>
				<onfocus>Skin.SetString(SkinSettings,1)</onfocus>
				<ondown>100</ondown>
			</control>
			<control type="button" id="94">
				<description>Logo</description>
				<width>200</width>
				<include>ButtonInfoDialogsCommonValues</include>
				<label>Logo</label>
				<onfocus>Skin.SetString(SkinSettings,4)</onfocus>
				<ondown>400</ondown>
			</control>
			<control type="button" id="92">
				<description>Settings Button</description>
				<width>200</width>
				<include>ButtonInfoDialogsCommonValues</include>
				<label>$LOCALIZE[40032]</label>
				<onfocus>Skin.SetString(SkinSettings,2)</onfocus>
				<ondown>200</ondown>
			</control>
			<control type="button" id="95">
				<description>quickstart</description>
				<width>200</width>
				<include>ButtonInfoDialogsCommonValues</include>
				<label>$LOCALIZE[40060]</label>
				<onfocus>Skin.SetString(SkinSettings,5)</onfocus>
				<ondown>500</ondown>
			</control>
			<!--<control type="button" id="93">
				<description>Skin Update</description>
				<width>200</width>
				<include>ButtonInfoDialogsCommonValues</include>
				<label>Skin Update</label>
				<onfocus>Skin.SetString(SkinSettings,3)</onfocus>
			</control>-->
		</control>
		<control type="grouplist" id="100">
			<description>control area</description>
			<posx>40</posx>
			<posy>140</posy>
			<width>920</width>
			<height>670</height>
			<itemgap>-1</itemgap>
			<pagecontrol>30</pagecontrol>
			<onup>9</onup>
			<ondown>9001</ondown>
			<onleft>2</onleft>
			<onright>30</onright>
			<visible>Skin.String(SkinSettings,1)</visible>
			<control type="radiobutton" id="101">
				<description>Show MusicPlayerTitle</description>
				<height>55</height>
				<width>920</width>
				<font>font24_title</font>
				<focusedcolor>selected</focusedcolor>
				<textcolor>white</textcolor>
				<texturefocus border="0,2,0,2">button-focus2.png</texturefocus>
				<texturenofocus border="0,2,0,2">MenuItemNF.png</texturenofocus>
				<label>$LOCALIZE[40034]</label>
				<onclick>Skin.ToggleSetting(HideHomeButtonMusicPlayerTitle)</onclick>
				<selected>!Skin.HasSetting(HideHomeButtonMusicPlayerTitle)</selected>
			</control>
			<control type="radiobutton" id="102">
				<description>Show Clock</description>
				<height>55</height>
				<width>920</width>
				<font>font24_title</font>
				<focusedcolor>selected</focusedcolor>
				<textcolor>white</textcolor>
				<texturefocus border="0,2,0,2">button-focus2.png</texturefocus>
				<texturenofocus border="0,2,0,2">MenuItemNF.png</texturenofocus>
				<label>$LOCALIZE[40035]</label>
				<onclick>Skin.ToggleSetting(HideHomeButtonTime)</onclick>
				<selected>!Skin.HasSetting(HideHomeButtonTime)</selected>
			</control>
			<control type="radiobutton" id="103">
				<description>Show Weather info and button</description>
				<height>55</height>
				<width>920</width>
				<font>font24_title</font>
				<focusedcolor>selected</focusedcolor>
				<textcolor>white</textcolor>
				<texturefocus border="0,2,0,2">button-focus2.png</texturefocus>
				<texturenofocus border="0,2,0,2">MenuItemNF.png</texturenofocus>
				<label>$LOCALIZE[40036]</label>
				<onclick>Skin.ToggleSetting(HideHomeButtonWeather)</onclick>
				<selected>!Skin.HasSetting(HideHomeButtonWeather)</selected>
			</control>
			<control type="radiobutton" id="104">
				<description>Show RadioText</description>
				<height>55</height>
				<width>920</width>
				<font>font24_title</font>
				<focusedcolor>selected</focusedcolor>
				<textcolor>white</textcolor>
				<texturefocus border="0,2,0,2">button-focus2.png</texturefocus>
				<texturenofocus border="0,2,0,2">MenuItemNF.png</texturenofocus>
				<label>$LOCALIZE[40050]</label>
				<onclick>Skin.ToggleSetting(HideHomeRadioText)</onclick>
				<selected>!Skin.HasSetting(HideHomeRadioText)</selected>
			</control>
			<control type="radiobutton" id="105">
				<height>55</height>
			    	<width>920</width>
				<font>font24_title</font>
				<label>$LOCALIZE[40038]</label>
				<textcolor>white</textcolor>
				<focusedcolor>selected</focusedcolor>
				<texturefocus border="0,2,0,2">button-focus2.png</texturefocus>
			        <texturenofocus border="0,2,0,2">MenuItemNF.png</texturenofocus>
				<onclick>Skin.ToggleSetting(UseCustomBackground)</onclick>
				<selected>Skin.HasSetting(UseCustomBackground)</selected>
			</control>
			<control type="button" id="106">
				<height>55</height>
				<width>920</width>
				<font>font24_title</font>
				<label>$LOCALIZE[40039]</label>
				<label2>[COLOR=selected]$INFO[Skin.String(CustomBackgroundPath)][/COLOR]</label2>
				<textcolor>white</textcolor>
				<focusedcolor>selected</focusedcolor>
				<texturefocus border="0,2,0,2">button-focus2.png</texturefocus>
			        <texturenofocus border="0,2,0,2">MenuItemNF.png</texturenofocus>
				<onclick>Skin.SetImage(CustomBackgroundPath)</onclick>
				<visible>Skin.HasSetting(UseCustomBackground)</visible>
			</control>
			<control type="radiobutton" id="107">
				<height>55</height>
			    	<width>920</width>
				<font>font24_title</font>
				<label>$LOCALIZE[40057]</label>
				<textcolor>white</textcolor>
				<focusedcolor>selected</focusedcolor>
				<texturefocus border="0,2,0,2">button-focus2.png</texturefocus>
			        <texturenofocus border="0,2,0,2">MenuItemNF.png</texturenofocus>
				<onclick>Skin.ToggleSetting(UseCustomVizBackground)</onclick>
				<selected>Skin.HasSetting(UseCustomVizBackground)</selected>
			</control>
			<control type="button" id="108">
				<height>55</height>
				<width>920</width>
				<font>font24_title</font>
				<label>$LOCALIZE[40058]</label>
				<label2>[COLOR=selected]$INFO[Skin.String(CustomVizBackgroundPath)][/COLOR]</label2>
				<textcolor>white</textcolor>
				<focusedcolor>selected</focusedcolor>
				<texturefocus border="0,2,0,2">button-focus2.png</texturefocus>
			        <texturenofocus border="0,2,0,2">MenuItemNF.png</texturenofocus>
				<onclick>Skin.SetImage(CustomVizBackgroundPath)</onclick>
				<visible>Skin.HasSetting(UseCustomVizBackground)</visible>
			</control>
			<control type="radiobutton" id="109">
				<description>Show Visualisation in Custom MusicOSD</description>
				<height>55</height>
				<width>920</width>
				<font>font24_title</font>
				<focusedcolor>selected</focusedcolor>
				<textcolor>white</textcolor>
				<texturefocus border="0,2,0,2">button-focus2.png</texturefocus>
				<texturenofocus border="0,2,0,2">MenuItemNF.png</texturenofocus>
				<label>$LOCALIZE[40055]</label>
				<onclick>Skin.ToggleSetting(HideVisualisationOSD)</onclick>
				<selected>!Skin.HasSetting(HideVisualisationOSD)</selected>
			</control>
			<control type="button" id="110">
				<description>Show Temp Sensor</description>
				<height>55</height>
				<width>920</width>
				<font>font24_title</font>
				<focusedcolor>selected</focusedcolor>
				<textcolor>white</textcolor>
				<texturefocus border="0,2,0,2">button-focus2.png</texturefocus>
				<texturenofocus border="0,2,0,2">MenuItemNF.png</texturenofocus>
				<label>$LOCALIZE[40068]</label>
				<label2>[COLOR=selected]$INFO[Skin.String(TempSensor)][/COLOR]</label2>
				<onclick>Skin.SetNumeric(TempSensor)</onclick>
				<selected>!Skin.HasSetting(TempSensor)</selected>
			</control>
		</control>
		<control type="grouplist" id="200">
			<description>control area</description>
			<posx>40</posx>
			<posy>140</posy>
			<width>920</width>
			<height>750</height>
			<itemgap>-1</itemgap>
			<pagecontrol>30</pagecontrol>
			<onup>9</onup>
			<ondown>9001</ondown>
			<onleft>2</onleft>
			<onright>30</onright>
			<visible>Skin.String(SkinSettings,2)</visible>
			<control type="button" id="201">
				<description>Select action for home button 1</description>
				<height>55</height>
				<width>920</width>
				<font>font24_title</font>
				<focusedcolor>selected</focusedcolor>
				<textcolor>white</textcolor>
				<texturefocus border="0,2,0,2">button-focus2.png</texturefocus>
				<texturenofocus border="0,2,0,2">MenuItemNF.png</texturenofocus>
				<label>$LOCALIZE[40070]1</label>
				<label2>$INFO[Skin.String(HomeButton1Value)]</label2>
				<onclick>Skin.SetString(HomeButtonSelected,1)</onclick>
				<onclick>ActivateWindow(1117)</onclick>
			</control>
			<control type="button" id="202">
				<description>Select action for home button 2</description>
				<height>55</height>
				<width>920</width>
				<font>font24_title</font>
				<focusedcolor>selected</focusedcolor>
				<textcolor>white</textcolor>
				<texturefocus border="0,2,0,2">button-focus2.png</texturefocus>
				<texturenofocus border="0,2,0,2">MenuItemNF.png</texturenofocus>
				<label>$LOCALIZE[40070]2</label>
				<label2>$INFO[Skin.String(HomeButton2Value)]</label2>
				<onclick>Skin.SetString(HomeButtonSelected,2)</onclick>
				<onclick>ActivateWindow(1117)</onclick>
			</control>
			<control type="button" id="203">
				<description>Select action for home button 3</description>
				<height>55</height>
				<width>920</width>
				<font>font24_title</font>
				<focusedcolor>selected</focusedcolor>
				<textcolor>white</textcolor>
				<texturefocus border="0,2,0,2">button-focus2.png</texturefocus>
				<texturenofocus border="0,2,0,2">MenuItemNF.png</texturenofocus>
				<label>$LOCALIZE[40070]3</label>
				<label2>$INFO[Skin.String(HomeButton3Value)]</label2>
				<onclick>Skin.SetString(HomeButtonSelected,3)</onclick>
				<onclick>ActivateWindow(1117)</onclick>
			</control>
			<control type="button" id="204">
				<description>Select action for home button 4</description>
				<height>55</height>
				<width>920</width>
				<font>font24_title</font>
				<focusedcolor>selected</focusedcolor>
				<textcolor>white</textcolor>
				<texturefocus border="0,2,0,2">button-focus2.png</texturefocus>
				<texturenofocus border="0,2,0,2">MenuItemNF.png</texturenofocus>
				<label>$LOCALIZE[40070]4</label>
				<label2>$INFO[Skin.String(HomeButton4Value)]</label2>
				<onclick>Skin.SetString(HomeButtonSelected,4)</onclick>
				<onclick>ActivateWindow(1117)</onclick>
			</control>
			<control type="button" id="205">
				<description>Select action for home button 5</description>
				<height>55</height>
				<width>920</width>
				<font>font24_title</font>
				<focusedcolor>selected</focusedcolor>
				<textcolor>white</textcolor>
				<texturefocus border="0,2,0,2">button-focus2.png</texturefocus>
				<texturenofocus border="0,2,0,2">MenuItemNF.png</texturenofocus>
				<label>$LOCALIZE[40070]5</label>
				<label2>$INFO[Skin.String(HomeButton5Value)]</label2>
				<onclick>Skin.SetString(HomeButtonSelected,5)</onclick>
				<onclick>ActivateWindow(1117)</onclick>
			</control>
			<control type="button" id="206">
				<description>Select action for home button 6</description>
				<height>55</height>
				<width>920</width>
				<font>font24_title</font>
				<focusedcolor>selected</focusedcolor>
				<textcolor>white</textcolor>
				<texturefocus border="0,2,0,2">button-focus2.png</texturefocus>
				<texturenofocus border="0,2,0,2">MenuItemNF.png</texturenofocus>
				<label>$LOCALIZE[40070]6</label>
				<label2>$INFO[Skin.String(HomeButton6Value)]</label2>
				<onclick>Skin.SetString(HomeButtonSelected,6)</onclick>
				<onclick>ActivateWindow(1117)</onclick>
			</control>
	      </control>
	      <control type="grouplist" id="500">
			<description>control area</description>
			<posx>40</posx>
			<posy>140</posy>
			<width>920</width>
			<height>750</height>
			<itemgap>-1</itemgap>
			<pagecontrol>30</pagecontrol>
			<onup>9</onup>
			<ondown>9001</ondown>
			<onleft>2</onleft>
			<onright>30</onright>
			<visible>Skin.String(SkinSettings,5)</visible>
			<control type="radiobutton" id="501">
				<description>Quickstart Button Show 1-Wire Dashboard</description>
				<height>55</height>
				<width>920</width>
				<font>font24_title</font>
				<focusedcolor>selected</focusedcolor>
				<textcolor>white</textcolor>
				<texturefocus border="0,2,0,2">button-focus2.png</texturefocus>
				<texturenofocus border="0,2,0,2">MenuItemNF.png</texturenofocus>
				<label>$LOCALIZE[40061]</label>
				<onclick>Skin.ToggleSetting(ShowQuickButtonPiWire)</onclick>
				<selected>!Skin.HasSetting(ShowQuickButtonPiWire)</selected>
			</control>
			<control type="radiobutton" id="502">
				<description>Quickstart Button Show PiDash</description>
				<height>55</height>
				<width>920</width>
				<font>font24_title</font>
				<focusedcolor>selected</focusedcolor>
				<textcolor>white</textcolor>
				<texturefocus border="0,2,0,2">button-focus2.png</texturefocus>
				<texturenofocus border="0,2,0,2">MenuItemNF.png</texturenofocus>
				<label>$LOCALIZE[40062]</label>
				<onclick>Skin.ToggleSetting(ShowQuickButtonPiDash)</onclick>
				<selected>!Skin.HasSetting(ShowQuickButtonPiDash)</selected>
			</control>
			<control type="radiobutton" id="503">
				<description>Quickstart Button Show WifiManager</description>
				<height>55</height>
				<width>920</width>
				<font>font24_title</font>
				<focusedcolor>selected</focusedcolor>
				<textcolor>white</textcolor>
				<texturefocus border="0,2,0,2">button-focus2.png</texturefocus>
				<texturenofocus border="0,2,0,2">MenuItemNF.png</texturenofocus>
				<label>$LOCALIZE[40063]</label>
				<onclick>Skin.ToggleSetting(ShowQuickButtonWifiManager)</onclick>
				<selected>!Skin.HasSetting(ShowQuickButtonWifiManager)</selected>
			</control>
			<control type="radiobutton" id="504">
				<description>Quickstart Button Show FileManager</description>
				<height>55</height>
				<width>920</width>
				<font>font24_title</font>
				<focusedcolor>selected</focusedcolor>
				<textcolor>white</textcolor>
				<texturefocus border="0,2,0,2">button-focus2.png</texturefocus>
				<texturenofocus border="0,2,0,2">MenuItemNF.png</texturenofocus>
				<label>$LOCALIZE[40064]</label>
				<onclick>Skin.ToggleSetting(ShowQuickButtonFileManager)</onclick>
				<selected>!Skin.HasSetting(ShowQuickButtonFileManager)</selected>
			</control>
			<control type="radiobutton" id="505">
				<description>Quickstart Button Show Programs</description>
				<height>55</height>
				<width>920</width>
				<font>font24_title</font>
				<focusedcolor>selected</focusedcolor>
				<textcolor>white</textcolor>
				<texturefocus border="0,2,0,2">button-focus2.png</texturefocus>
				<texturenofocus border="0,2,0,2">MenuItemNF.png</texturenofocus>
				<label>$LOCALIZE[40065]</label>
				<onclick>Skin.ToggleSetting(ShowQuickButtonPrograms)</onclick>
				<selected>!Skin.HasSetting(ShowQuickButtonPrograms)</selected>
			</control>
	      </control>
	      <control type="grouplist" id="300">
			<description>control area</description>
			<posx>40</posx>
			<posy>140</posy>
			<width>920</width>
			<height>750</height>
			<itemgap>30</itemgap>
			<pagecontrol>30</pagecontrol>
			<onup>9</onup>
			<ondown>9001</ondown>
			<onleft>2</onleft>
			<onright>30</onright>
			<visible>Skin.String(SkinSettings,3)</visible>
			<control type="label" id="301">
				<height>50</height>
				<width>920</width>
				<font>font30_title</font>
				<label>$LOCALIZE[40048]</label>
				<textcolor>white</textcolor>
				<align>center</align>
				<aligny>center</aligny>
			</control>
			<control type="button" id="302">
				<description>$LOCALIZE[40049]</description>
				<include>ButtonInfoDialogsCommonValues</include>
				<height>155</height>
				<width>920</width>
				<label>$LOCALIZE[40049]</label>
				<font>font24_title</font>
				<focusedcolor>white</focusedcolor>
				<textcolor>white</textcolor>
				<align>center</align>
				<aligny>center</aligny>
				<texturefocus border="0,2,0,2">button-focus2.png</texturefocus>
				<texturenofocus border="0,2,0,2">MenuItemNF.png</texturenofocus>
				<onclick>Dialog.Close(1113)</onclick>
				<onclick>ActivateWindow(Home)</onclick>
				<onclick>RunScript("special://skin/scripts/install_skin.py")</onclick>
			</control>
			<control type="button" id="303">
				<description>$LOCALIZE[40054]</description>
				<include>ButtonInfoDialogsCommonValues</include>
				<height>155</height>
				<width>920</width>
				<label>$LOCALIZE[40054]</label>
				<font>font24_title</font>
				<focusedcolor>white</focusedcolor>
				<textcolor>white</textcolor>
				<align>center</align>
				<aligny>center</aligny>
				<texturefocus border="0,2,0,2">button-focus2.png</texturefocus>
				<texturenofocus border="0,2,0,2">MenuItemNF.png</texturenofocus>
				<onclick>Dialog.Close(1113)</onclick>
				<onclick>ActivateWindow(Home)</onclick>
				<onclick>RunScript("special://skin/scripts/install_radiofm.py")</onclick>
			</control>
		</control>

		<control type="grouplist" id="400">
			<description>control area</description>
			<posx>40</posx>
			<posy>140</posy>
			<width>920</width>
			<height>670</height>
			<itemgap>-1</itemgap>
			<pagecontrol>30</pagecontrol>
			<onup>9</onup>
			<ondown>9001</ondown>
			<onleft>2</onleft>
			<onright>30</onright>
			<visible>Skin.String(SkinSettings,4)</visible>
			<control type="radiobutton" id="401">
				<description>Show Logo Background</description>
				<height>55</height>
				<width>920</width>
				<font>font24_title</font>
				<focusedcolor>selected</focusedcolor>
				<textcolor>white</textcolor>
				<texturefocus border="0,2,0,2">button-focus2.png</texturefocus>
				<texturenofocus border="0,2,0,2">MenuItemNF.png</texturenofocus>
				<label>$LOCALIZE[40037]</label>
				<onclick>Skin.ToggleSetting(HideHomeButtonLogob)</onclick>
				<selected>!Skin.HasSetting(HideHomeButtonLogob)</selected>
			</control>
			<control type="radiobutton" id="402">
				<height>55</height>
			    	<width>920</width>
				<font>font24_title</font>
				<label>$LOCALIZE[40040]</label>
				<textcolor>white</textcolor>
				<focusedcolor>selected</focusedcolor>
				<texturefocus border="0,2,0,2">button-focus2.png</texturefocus>
			        <texturenofocus border="0,2,0,2">MenuItemNF.png</texturenofocus>
				<onclick>Skin.ToggleSetting(UseCustomLogo)</onclick>
				<selected>Skin.HasSetting(UseCustomLogo)</selected>
			</control>
			<control type="button" id="403">
				<height>55</height>
				<width>920</width>
				<font>font24_title</font>
				<label>$LOCALIZE[40041]</label>
				<label2>[COLOR=selected]$INFO[Skin.String(CustomLogoPath)][/COLOR]</label2>
				<textcolor>white</textcolor>
				<focusedcolor>selected</focusedcolor>
				<texturefocus border="0,2,0,2">button-focus2.png</texturefocus>
			        <texturenofocus border="0,2,0,2">MenuItemNF.png</texturenofocus>
				<onclick>Skin.SetImage(CustomLogoPath)</onclick>
				<visible>Skin.HasSetting(UseCustomLogo)</visible>
			</control>
			<control type="radiobutton" id="404">
				<description>Show AlternateRadio</description>
				<height>55</height>
				<width>920</width>
				<font>font24_title</font>
				<focusedcolor>selected</focusedcolor>
				<textcolor>white</textcolor>
				<texturefocus border="0,2,0,2">button-focus2.png</texturefocus>
				<texturenofocus border="0,2,0,2">MenuItemNF.png</texturenofocus>
				<label>$LOCALIZE[40053]</label>
				<onclick>Skin.ToggleSetting(HideAlternateRadio)</onclick>
				<selected>!Skin.HasSetting(HideAlternateRadio)</selected>
			</control>
			<control type="radiobutton" id="405">
				<description>Jump to CustomMusicOSD</description>
				<height>55</height>
				<width>920</width>
				<font>font24_title</font>
				<focusedcolor>selected</focusedcolor>
				<textcolor>white</textcolor>
				<texturefocus border="0,2,0,2">button-focus2.png</texturefocus>
				<texturenofocus border="0,2,0,2">MenuItemNF.png</texturenofocus>
				<label>$LOCALIZE[40056]</label>
				<onclick>Skin.ToggleSetting(UseCustomMusicOSD)</onclick>
				<selected>!Skin.HasSetting(UseCustomMusicOSD)</selected>
			</control>
			<control type="radiobutton" id="406">
				<description>Rpi display brightness control</description>
				<height>55</height>
				<width>920</width>
				<font>font24_title</font>
				<focusedcolor>selected</focusedcolor>
				<textcolor>white</textcolor>
				<texturefocus border="0,2,0,2">button-focus2.png</texturefocus>
				<texturenofocus border="0,2,0,2">MenuItemNF.png</texturenofocus>
				<label>$LOCALIZE[40059]</label>
				<onclick>Skin.ToggleSetting(RPIBrightnessControl)</onclick>
				<selected>!Skin.HasSetting(RPIBrightnessControl)</selected>
			</control>
			<control type="radiobutton" id="407">
				<description>Rainbow Cirlce</description>
				<height>55</height>
				<width>920</width>
				<font>font24_title</font>
				<focusedcolor>selected</focusedcolor>
				<textcolor>white</textcolor>
				<texturefocus border="0,2,0,2">button-focus2.png</texturefocus>
				<texturenofocus border="0,2,0,2">MenuItemNF.png</texturenofocus>
				<label>$LOCALIZE[40069]</label>
				<onclick>Skin.ToggleSetting(HideRainbowCircle)</onclick>
				<selected>!Skin.HasSetting(HideRainbowCircle)</selected>
			</control>
		</control>
		<control type="scrollbar" id="30">
			<posx>975</posx>
			<posy>120</posy>
			<width>19</width>
			<height>700</height>
			<texturesliderbackground border="0,14,0,14">ScrollBarV.png</texturesliderbackground>
			<texturesliderbar border="0,14,0,14">ScrollBarV_bar.png</texturesliderbar>
			<texturesliderbarfocus border="0,14,0,14">ScrollBarV_bar_focus.png</texturesliderbarfocus>
			<textureslidernib>ScrollBarNib.png</textureslidernib>
			<textureslidernibfocus>ScrollBarNib.png</textureslidernibfocus>
			<onleft>2</onleft>
			<onright>9</onright>
			<showonepage>false</showonepage>
			<orientation>vertical</orientation>
		</control>
	</controls>
</window>
