<window id="0">
	<onload condition="!Skin.HasSetting(HomeButton1Value) + !Skin.HasSetting(ShowQuickDisable)">Skin.SetString(HomeButton1Value,RadioFM)</onload>
	<onload condition="!Skin.HasSetting(HomeButton1Value) + !Skin.HasSetting(ShowQuickDisable)">Skin.SetString(HomeButton2Value,Musicvideos)</onload>
	<onload condition="!Skin.HasSetting(HomeButton1Value) + !Skin.HasSetting(ShowQuickDisable)">Skin.SetString(HomeButton3Value,Playlists)</onload>
	<onload condition="!Skin.HasSetting(HomeButton1Value) + !Skin.HasSetting(ShowQuickDisable)">Skin.SetString(HomeButton4Value,Albums)</onload>
	<onload condition="!Skin.HasSetting(HomeButton1Value) + !Skin.HasSetting(ShowQuickDisable)">Skin.SetString(HomeButton5Value,Movies)</onload>
	<onload condition="!Skin.HasSetting(HomeButton1Value) + !Skin.HasSetting(ShowQuickDisable)">Skin.SetString(HomeButton6Value,Shutdown)</onload>

	<onload condition="!Skin.HasSetting(HomeButtonImage1) + !Skin.HasSetting(ShowQuickDisable)">Skin.SetString(HomeButtonImage1,radio2.png)</onload>
	<onload condition="!Skin.HasSetting(HomeButtonImage2) + !Skin.HasSetting(ShowQuickDisable)">Skin.SetString(HomeButtonImage2,video2.png)</onload>
	<onload condition="!Skin.HasSetting(HomeButtonImage3) + !Skin.HasSetting(ShowQuickDisable)">Skin.SetString(HomeButtonImage3,playlist2.png)</onload>
	<onload condition="!Skin.HasSetting(HomeButtonImage4) + !Skin.HasSetting(ShowQuickDisable)">Skin.SetString(HomeButtonImage4,music2.png)</onload>
	<onload condition="!Skin.HasSetting(HomeButtonImage5) + !Skin.HasSetting(ShowQuickDisable)">Skin.SetString(HomeButtonImage5,video2.png)</onload>
	<onload condition="!Skin.HasSetting(HomeButtonImage6) + !Skin.HasSetting(ShowQuickDisable)">Skin.SetString(HomeButtonImage6,shut-down2.png)</onload>

	<onload condition="!Skin.HasSetting(ShowQuickDisable)">Skin.ToggleSetting(ShowQuickButtonPrograms)</onload>
	<onload condition="!Skin.HasSetting(ShowQuickDisable)">Skin.ToggleSetting(ShowQuickButtonPiWire)</onload>
	<onload condition="!Skin.HasSetting(ShowQuickDisable)">Skin.ToggleSetting(ShowQuickButtonPiDash)</onload>
	<onload condition="!Skin.HasSetting(ShowQuickDisable)">Skin.ToggleSetting(ShowQuickButtonWifiManager)</onload>
	<onload condition="!Skin.HasSetting(ShowQuickDisable)">Skin.ToggleSetting(ShowQuickButtonFileManager)</onload>
	<onload condition="!Skin.HasSetting(ShowQuickDisable)">Skin.ToggleSetting(ShowQuickDisable)</onload>

	<onunload condition="Container(9000).Hasfocus(2) | Container(9000).Hasfocus(3) | ControlGroup(9010).HasFocus">SetProperty(VideosDirectLink,True)</onunload>
	<onunload condition="Control.HasFocus(9000) + Container(9000).Hasfocus(1)">ClearProperty(VideosDirectLink)</onunload>
	<defaultcontrol always="true">8001</defaultcontrol>
	<controls>
		<include>CommonBackground</include>
		<control type="videowindow">
			<posx>0</posx>
			<posy>0</posy>
			<width>ScreenWidth</width>
			<height>ScreenHeight</height>
			<visible>Player.HasVideo</visible>
		</control>

		<include>CommonTopBar</include>
		<include condition="Skin.String(TempSensor,) | !System.HasAddon(plugin.program.piwire)">XbmcLogo</include>
		<!--<include>XbmcLogo</include>-->
		<include>Time</include>
		<include>Weather</include>
		<include>Logob</include>

		<control type="group">
			<include>Window_OpenClose_Animation_Slide_Down</include>
			<include condition="Skin.String(TempSensor,1) + System.HasAddon(plugin.program.piwire)">TempText1</include>
			<include condition="Skin.String(TempSensor,2) + System.HasAddon(plugin.program.piwire)">TempText2</include>
			<include condition="Skin.String(TempSensor,3) + System.HasAddon(plugin.program.piwire)">TempText3</include>
			<include condition="Skin.String(TempSensor,4) + System.HasAddon(plugin.program.piwire)">TempText4</include>
			<include condition="Skin.String(TempSensor,5) + System.HasAddon(plugin.program.piwire)">TempText5</include>
			<include condition="Skin.String(TempSensor,6) + System.HasAddon(plugin.program.piwire)">TempText6</include>
			<include condition="Skin.String(TempSensor,7) + System.HasAddon(plugin.program.piwire)">TempText7</include>
			<include condition="Skin.String(TempSensor,8) + System.HasAddon(plugin.program.piwire)">TempText8</include>
		</control>
	
		<include>HomeButton1</include>
		<include>HomeButton2</include>
		<include>HomeButton3</include>
		<include>HomeButton4</include>
		<include>HomeButton5</include>
		<include>HomeButton6</include>

		<control type="image">
			<description>Normal Default Logo Image</description>
			<posx>440</posx>
			<posy>147</posy>
			<width>400</width>
			<height>400</height>
			<texture>logo.png</texture>
			<visible>!Player.HasAudio + ![Skin.HasSetting(UseCustomLogo) + !IsEmpty(Skin.String(CustomLogoPath))] + [substring(Window(Home).Property(Radio.Active),false) + !Skin.HasSetting(HideAlternateRadio) | substring(Window(Home).Property(Radio.Active),true) + Skin.HasSetting(HideAlternateRadio) | substring(Window(Home).Property(Radio.Active),false)]</visible>
			<visible>!Player.HasVideo</visible>
			<include>Window_OpenClose_Animation_Zoom</include>
		</control>
		<control type="image">
			<description>User Set Logo Image</description>
			<include>Window_OpenClose_Animation_Zoom</include>
			<posx>440</posx>
			<posy>147</posy>
			<width>400</width>
			<height>400</height>
			<texture>$INFO[Skin.String(CustomLogoPath)]</texture>
			<visible>!Player.HasAudio + Skin.HasSetting(UseCustomLogo) + !IsEmpty(Skin.String(CustomLogoPath)) + [substring(Window(Home).Property(Radio.Active),false) + !Skin.HasSetting(HideAlternateRadio) | substring(Window(Home).Property(Radio.Active),true) + Skin.HasSetting(HideAlternateRadio) | substring(Window(Home).Property(Radio.Active),false)]</visible>
			<visible>!Player.HasVideo</visible>
			<include>Window_OpenClose_Animation_Zoom</include>
		</control>
		<control type="button">
			<description>Rpi display brightness control</description>
			<posx>440</posx>
			<posy>147</posy>
			<width>400</width>
			<height>400</height>				
			<texturenofocus>overlay.png</texturenofocus>
			<texturefocus>overlay.png</texturefocus>
			<onclick condition="!Skin.HasSetting(RPIBrightnessControl)">RunScript("special://skin/scripts/brightness.py")</onclick>
			<visible>!Player.HasAudio + !Player.HasVideo + substring(Window(Home).Property(Radio.Active),false)</visible>
		</control>
		<control type="group">
			<include>RadioStationNameLogo</include>
		</control>
		<control type="visualisation" id="2">
			<description>visualisation</description>
			<include>Window_OpenClose_Animation_Zoom</include>
			<left>390</left>
			<top>50</top>
			<width>500</width>
			<height>550</height>
			<visible>Player.HasAudio + Window.IsVisible(home)</visible>
			<fadetime>600</fadetime>
		</control>
		<control type="button">
			<description>Touch Visu</description>
			<posx>390</posx>
			<posy>50</posy>
			<width>500</width>
			<height>550</height>
			<font>-</font>
			<texturenofocus>overlay.png</texturenofocus>
			<texturefocus>overlay.png</texturefocus>
			<onclick condition="!Skin.HasSetting(UseCustomMusicOSD)">ActivateWindow(1115)</onclick>
			<onclick condition="Skin.HasSetting(UseCustomMusicOSD)">ActivateWindow(12006)</onclick>
			<visible>Player.HasAudio + !Player.HasVideo</visible>
		</control>
		<control type="group">
			<left>365</left>
	                <top>50</top>
			<width>550</width>
        		<height>550</height>
			<visible>Player.HasAudio + Window.IsVisible(home)</visible>
                <control type="label">
	                <visible>true</visible>
        	        <left>150</left>
			<top>155</top>
	                <width>250</width>
	                <height>100</height>
	                <font>font13_title</font>
	    		<style>bold</style>
	                <textcolor>white</textcolor>
    		        <selectedcolor>selected</selectedcolor>
            		<align>center</align>
	                <info>MusicPlayer.Artist</info>
    		        <scroll>true</scroll>
	                <scrollspeed>50</scrollspeed>
	                <scrollsuffix> - </scrollsuffix>
			<wrapmultiline>false</wrapmultiline>
	        </control>
    	        <control type="label">
        	        <visible>true</visible>
	                <left>130</left>
			<top>180</top>
	                <width>290</width>
	                <height>100</height>
	                <font>font13_title</font>
			<style>bold</style>
	                <textcolor>white</textcolor>
	                <selectedcolor>selected</selectedcolor>
	                <align>center</align>
	                <info>MusicPlayer.Title</info>
			<scroll>true</scroll>
	                <scrollspeed>50</scrollspeed>
	                <scrollsuffix> - </scrollsuffix>
		<wrapmultiline>false</wrapmultiline>
                </control>
		<control type="label">
			<visible>true</visible>
			<left>110</left>
			<top>445</top>
	                <width>250</width>
    			<height>100</height>
			<font>font14</font>
			<textcolor>white</textcolor>
    			<selectedcolor>selected</selectedcolor>
	                <align>center</align>
			<label>[1]</label>
			<style>bold</style>
			<info>MusicPlayer.Time</info>
			<visible>Player.HasAudio + Window.IsVisible(home)</visible>
		</control>
		<control type="label">
			<visible>true</visible>
			<left>150</left>
			<top>445</top>
	                <width>250</width>
	                <height>100</height>
			<font>font14</font>
			<textcolor>white</textcolor>
	                <selectedcolor>selected</selectedcolor>
	                <align>center</align>
			<label>/</label>
			<style>bold</style>
			<visible>Player.HasAudio + Window.IsVisible(home)</visible>
		</control>
		<control type="label">
			<visible>true</visible>
			<left>190</left>
			<top>445</top>
	                <width>250</width>
    			<height>100</height>
			<font>font14</font>
			<textcolor>white</textcolor>
    			<selectedcolor>selected</selectedcolor>
	                <align>center</align>
			<label>[1]</label>
			<style>bold</style>
			<info>MusicPlayer.Duration</info>
			<visible>Player.HasAudio + Window.IsVisible(home)</visible>
		</control>
		<control type="label">
			<description>Info Label Random</description>
			<visible>true</visible>
			<left>120</left>
			<top>390</top>
    			<width>75</width>
	                <height>100</height>
			<font>font12</font>
			<textcolor>white</textcolor>
			<label>Random</label>
		</control>
		<control type="label">
			<description>Random Status</description>
			<visible>true</visible>
			<left>145</left>
			<top>410</top>
	                <width>80</width>
    			<height>100</height>
			<font>font14</font>
			<textcolor>white</textcolor>
			<label>Random</label>
			<info>Playlist.Random</info>
		</control>
		<control type="label">
			<description>Info Label Repeat</description>
			<visible>true</visible>
			<align>right</align>
			<left>350</left>
			<top>390</top>
	                <width>75</width>
    			<height>100</height>
			<font>font12</font>
			<textcolor>white</textcolor>
			<label>Repeat</label>
		</control>
		<control type="label">
			<description>Repeat Status</description>
			<visible>true</visible>
			<align>right</align>
			<left>328</left>
			<top>410</top>
	                <width>75</width>
    			<height>100</height>
			<font>font14</font>
			<textcolor>white</textcolor>
			<label>Repeat</label>
			<info>Playlist.Repeat</info>
		</control>
	</control>
		
	<include>CommonBottomBar</include>

	<control type="group">
		<posy>150r</posy>
		<include>RadioStationName</include>
	</control>

	<include>HomeRecentlyAddedInfo</include>
	<include>BottomNowPLaying</include>
	<control type="panel" id="9002">
		<include>SubMenuCommonLayout</include>
		<onup>Control.SetFocus(8006)</onup>
		<ondown>Control.SetFocus(8001)</ondown>
		<content>
			<item>
				<label></label>
				<onclick>ActivateWindow(Programs,addons://sources/executable/)</onclick>
				<icon>icon_keypad.png</icon>
				<visible>!Skin.HasSetting(ShowQuickButtonPrograms)</visible>
			</item>
			<item>
				<label></label>
				<onclick>RunPlugin(plugin://plugin.program.piwire)</onclick>
				<icon>icon_piwire_w.png</icon>
				<visible>!Player.HasVideo + !Player.HasAudio + Window.IsVisible(home)</visible>
				<visible>System.HasAddon(plugin.program.piwire)</visible>
				<visible>!Skin.HasSetting(ShowQuickButtonPiWire)</visible>
			</item>
			<item>
				<label></label>
				<onclick>RunPlugin(plugin://plugin.program.pidash)</onclick>
				<icon>icon_pidash_w.png</icon>
				<visible>Window.IsVisible(home)</visible>
				<visible>System.HasAddon(plugin.program.pidash)</visible>
				<visible>!Skin.HasSetting(ShowQuickButtonPiDash)</visible>
			</item>
			<item>
				<label></label>
				<onclick>RunPlugin(plugin://plugin.program.wifimanager)</onclick>
				<icon>icon_wifimanager_w.png</icon>
    				<visible>!Player.HasVideo + !Player.HasAudio + Window.IsVisible(home)</visible>
    				<visible>Window.IsVisible(home)</visible>
				<visible>System.HasAddon(plugin.program.wifimanager)</visible>
			        <visible>!Skin.HasSetting(ShowQuickButtonWifiManager)</visible>
			</item>
			<item>
				<label></label>
				<onclick>ActivateWindow(Filemanager)</onclick>
				<icon>icon_filemanager_w.png</icon>
				<visible>!Player.HasVideo + !Player.HasAudio + Window.IsVisible(home)</visible>
				<visible>!Skin.HasSetting(ShowQuickButtonFileManager)</visible>
			</item>
			<item>
				<label></label>
				<onclick>ActivateWindow(VideoPlaylist)</onclick>
				<icon>icon_playlist_w.png</icon>
				<visible>Player.HasVideo + Window.IsVisible(home)</visible>
			</item>
			<item>
				<label></label>
				<onclick>ActivateWindow(Musicplaylist)</onclick>
				<icon>icon_playlist_w.png</icon>
				<visible>!Player.HasVideo + Player.HasAudio + Window.IsVisible(home)</visible>
			</item>
			<item>
				<label></label>
				<onclick>ActivateWindow(Settings)</onclick>
				<icon>icon_settings_w.png</icon>
			</item>
		</content>
	    </control>
	<include>BehindDialogFadeOut</include>
	</controls>
</window>
