<?xml version="1.0" encoding="UTF-8" standalone="yes"?>
<addon id="service.pidash.server"
       name="PiDash-Server"
      version="1.0.2"
      provider-name="Hawkeyexp">
    <requires>
        <import addon="xbmc.python" version="2.1.0"/>
    </requires>
    <extension point="xbmc.service" library="service.py" start="start"/>
    <extension point="xbmc.addon.metadata">
        <summary lang="en">PiDash-Server</summary>
        <description lang="en">PiDash-Server</description>
        <disclaimer lang="en"></disclaimer>
        <license></license>
        <platform>all</platform>
        <website></website>
        <source></source>
        <forum></forum>
        <email></email>
    </extension>
</addon>
