<window>

	<defaultcontrol always="true">10</defaultcontrol>
	<allowoverlay>no</allowoverlay>
	<controls>
		<include>CommonBackground</include>
		<include>CommonBackgroundOverlay</include>
		<include>CommonNowPlaying</include>
		<control type="button" id="10">
			<description>trigger</description>
			<onfocus>SetProperty(Radio.Active,false,10000)</onfocus>
			<onfocus>ReplaceWindow(Home)</onfocus>
			<texturenofocus>-</texturenofocus>
			<texturefocus>-</texturefocus>
		</control>
	</controls>
</window>
