<?xml version="1.0" encoding="UTF-8" standalone="yes"?>
<addon id="repository.hawkeyexp" name="Hawkeyexp's Add-ons" version="1.0.1" provider-name="hawkeyexp">
    <extension point="xbmc.addon.repository" name="Hawkeyexp's Add-ons">
		<info compressed="true">https://raw.githubusercontent.com/hawkeyexp/Kodi-Repository/master/addons.xml</info>
		<checksum>https://raw.githubusercontent.com/hawkeyexp/Kodi-Repository/master/addons.xml.md5</checksum>
		<datadir zip="true">https://raw.githubusercontent.com/hawkeyexp/Kodi-Repository/master/</datadir>
	</extension>
	<extension point="xbmc.addon.metadata">
		<summary>Hawkeyexp's Add-ons</summary>
		<summary lang="en">Hawkeyexp's Add-ons</summary>
		<description>Repository of add-ons by Hawkeyexp.</description>
		<platform>all</platform>
	</extension>
</addon>
