<window id="1115">
	<defaultcontrol>50</defaultcontrol>
	<allowoverlay>yes</allowoverlay>
	<views>50,500</views>
	<onunload>Skin.Reset(MediaSubMenuVisible)</onunload>
	<controls>
		<include condition="Skin.HasSetting(HideVisualisationOSD">CommonBackground</include>
		<include condition="!Skin.HasSetting(HideVisualisationOSD">VisualisationBackground</include>
		<control type="visualisation">
			<description>visualisation</description>
			<posx>0</posx>
			<posy>0</posy>
			<width>ScreenWidth</width>
			<height>ScreenHeight</height>
			<visible>!Skin.HasSetting(HideVisualisationOSD + Player.HasAudio</visible>
		</control>
		<include>PlayerControlCommons</include>
		<include>Time</include>
		<include>Weather</include>
	</controls>
</window>
		


