<window id="107">
	<include>Window_OpenClose_Animation</include>
	<controls>
		<control type="group">
			<posx>20</posx>
			<posy>105r</posy>
			<control type="image">
				<posx>0</posx>
				<posy>0</posy>
				<width>490</width>
				<height>80</height>
				<texture border="8">dialogheader.png</texture>
			</control>
			<control type="image" id="400">
				<description>Icon</description>
				<posx>10</posx>
				<posy>10</posy>
				<width>60</width>
				<height>60</height>
				<aspectratio>keep</aspectratio>
				<texture>Defaulticoninfo.png</texture>
			</control>
			<control type="fadelabel" id="401">
				<description>Line 1 Label</description>
				<posx>80</posx>
				<posy>10</posy>
				<width>390</width>
				<height>20</height>
				<font>font12_title</font>
				<textcolor>white</textcolor>
				<align>left</align>
				<aligny>center</aligny>
				<scrollout>false</scrollout>
				<pauseatend>2000</pauseatend>
			</control>
			<control type="textbox" id="402">
				<description>Line 2 Label</description>
				<posx>80</posx>
				<posy>25</posy>
				<width>390</width>
				<height>40</height>
				<font>font12</font>
				<textcolor>white</textcolor>
				<align>left</align>
			</control>
			<control type="image" id="403">
				<description>avatar</description>
				<posx>10</posx>
				<posy>10</posy>
				<width>60</width>
				<height>60</height>
				<aspectratio>keep</aspectratio>
				<visible>false</visible>
				<texture>DefaultIconInfo.png</texture>
			</control>
			<control type="image" id="404">
				<description>avatar</description>
				<posx>10</posx>
				<posy>10</posy>
				<width>60</width>
				<height>60</height>
				<aspectratio>keep</aspectratio>
				<visible>false</visible>
				<texture>DefaultIconWarning.png</texture>
			</control>
			<control type="image" id="405">
				<description>avatar</description>
				<posx>10</posx>
				<posy>10</posy>
				<width>60</width>
				<height>60</height>
				<aspectratio>keep</aspectratio>
				<visible>false</visible>
				<texture>DefaultIconError.png</texture>
			</control>
		</control>
	</controls>
</window>
