<window id="0">
	<!--<onload>RunScript("special://skin/scripts/check_calibration.py")</onload>-->
	<onunload condition="Container(9000).Hasfocus(2) | Container(9000).Hasfocus(3) | ControlGroup(9010).HasFocus">SetProperty(VideosDirectLink,True)</onunload>
	<onunload condition="Control.HasFocus(9000) + Container(9000).Hasfocus(1)">ClearProperty(VideosDirectLink)</onunload>
	<defaultcontrol always="true">9000</defaultcontrol>
	<controls>
		<include>CommonBackground</include>
		<control type="videowindow">
			<posx>0</posx>
			<posy>0</posy>
			<width>ScreenWidth</width>
			<height>ScreenHeight</height>
			<visible>Player.HasVideo</visible>
		</control>
		
		<include>CommonTopBar</include>		
		<include>XbmcLogo</include>
		
		
		<include>Time</include>
		<include>Weather</include>
		<include>Logob</include>

			<!--Meniu by me-->
		<control type="group">
			<include>Window_OpenClose_Animation_Zoom</include>
			<posx>20</posx>
			<posy>280</posy>
			<control type="button">
				<description>Video Button</description>
				<posx>0</posx>
				<posy>0</posy>
				<width>408</width>
				<height>130</height>				
				<texturenofocus>home_2.png</texturenofocus>
				<texturefocus border="5">home_2_p.png</texturefocus>
				<onclick>ActivateWindow(Videos,videodb://musicvideos/titles/)</onclick>
			</control>
			
			<control type="image">
				<description>Video Button Image</description>
				<posx>30</posx>
				<posy>30</posy>
				<width>80</width>
				<height>80</height>
				<texture>video2.png</texture>
			</control>
			<control type="label">
				<description>Video label</description>
				<posx>122</posx>
				<posy>22</posy>
				<height>90</height>
				<width>250</width>
				<label>$LOCALIZE[40001]</label>
				<aligny>center</aligny>
				<font>font40_title</font>
				<textcolor>FFFFFFFF</textcolor>					
			</control>
		</control>
		
		<include>Navigation</include>
		<include>Pictures</include>
		<include>Radio</include>
		<include>Favourites</include>
		<include>Playlists</include>
	  
		<control type="image">
			<description>Normal Default Logo Image</description>
			<posx>440</posx>
			<posy>147</posy>
			<width>400</width>
			<height>400</height>
			<texture>logo.png</texture>
			<visible>!Player.HasAudio + ![Skin.HasSetting(UseCustomLogo) + !IsEmpty(Skin.String(CustomLogoPath))] + [substring(Window(Home).Property(Radio.Active),false) + !Skin.HasSetting(HideAlternateRadio) | substring(Window(Home).Property(Radio.Active),true) + Skin.HasSetting(HideAlternateRadio) | substring(Window(Home).Property(Radio.Active),false)]</visible>
			<!--<visible>!Window.IsVisible(107)</visible>-->
			<visible>!Player.HasVideo</visible>
			<include>Window_OpenClose_Animation_Zoom</include>
		</control>
		<control type="image">
			<description>User Set Logo Image</description>
			<include>Window_OpenClose_Animation_Zoom</include>
			<posx>440</posx>
			<posy>147</posy>
			<width>400</width>
			<height>400</height>
			<texture>$INFO[Skin.String(CustomLogoPath)]</texture>
			<visible>!Player.HasAudio + Skin.HasSetting(UseCustomLogo) + !IsEmpty(Skin.String(CustomLogoPath)) + [substring(Window(Home).Property(Radio.Active),false) + !Skin.HasSetting(HideAlternateRadio) | substring(Window(Home).Property(Radio.Active),true) + Skin.HasSetting(HideAlternateRadio) | substring(Window(Home).Property(Radio.Active),false)]</visible>
			<!--<visible>!Window.IsVisible(107)</visible>-->
			<visible>!Player.HasVideo</visible>
			<include>Window_OpenClose_Animation_Zoom</include>
		</control>

		<control type="button">
			<description>Rpi display brightness control</description>
			<posx>440</posx>
			<posy>147</posy>
			<width>400</width>
			<height>400</height>				
			<texturenofocus>overlay.png</texturenofocus>
			<texturefocus>overlay.png</texturefocus>
			<onclick condition="!Skin.HasSetting(RPIBrightnessControl)">RunScript("special://skin/scripts/brightness.py")</onclick>
			<visible>!Player.HasAudio + !Player.HasVideo + substring(Window(Home).Property(Radio.Active),false)</visible>
		</control>

		<control type="group">
			<include>RadioStationNameLogo</include>
		</control>
		<control type="visualisation" id="2">
			<description>visualisation</description>
			<include>Window_OpenClose_Animation_Zoom</include>
			<left>390</left>
			<top>50</top>
			<width>500</width>
			<height>550</height>
			<visible>Player.HasAudio + Window.IsVisible(home)</visible>
			<!--<visible>!Window.IsVisible(107)</visible>-->
			<fadetime>600</fadetime>
		</control>
		<control type="button">
			<description>Touch Visu</description>
			<posx>390</posx>
			<posy>50</posy>
			<width>500</width>
			<height>550</height>
			<font>-</font>
			<texturenofocus>overlay.png</texturenofocus>
			<texturefocus>overlay.png</texturefocus>
			<onclick condition="!Skin.HasSetting(UseCustomMusicOSD)">ActivateWindow(1115)</onclick>
			<onclick condition="Skin.HasSetting(UseCustomMusicOSD)">ActivateWindow(12006)</onclick>
			<visible>Player.HasAudio + !Player.HasVideo</visible>
			<!--<visible>!Window.IsVisible(107)</visible>-->
		</control>
		<control type="group">
			<left>365</left>
	                <top>50</top>
			<width>550</width>
        		<height>550</height>
			<visible>Player.HasAudio + Window.IsVisible(home)</visible>
			<!--<visible>!Window.IsVisible(107)</visible>-->
                <control type="label">
	                <visible>true</visible>
        	        <left>150</left>
			<top>155</top>
	                <width>250</width>
	                <height>100</height>
	                <font>font13_title</font>
	    		<style>bold</style>
	                <textcolor>white</textcolor>
    		        <selectedcolor>selected</selectedcolor>
            		<align>center</align>
	                <info>MusicPlayer.Artist</info>
    		        <scroll>true</scroll>
	                <scrollspeed>50</scrollspeed>
	                <scrollsuffix> - </scrollsuffix>
			<wrapmultiline>false</wrapmultiline>
	        </control>
    	        <control type="label">
        	        <visible>true</visible>
	                <left>130</left>
			<top>180</top>
	                <width>290</width>
	                <height>100</height>
	                <font>font13_title</font>
			<style>bold</style>
	                <textcolor>white</textcolor>
	                <selectedcolor>selected</selectedcolor>
	                <align>center</align>
	                <info>MusicPlayer.Title</info>
			<scroll>true</scroll>
	                <scrollspeed>50</scrollspeed>
	                <scrollsuffix> - </scrollsuffix>
		<wrapmultiline>false</wrapmultiline>
                </control>
		<control type="label">
			<visible>true</visible>
			<left>110</left>
			<top>445</top>
	                <width>250</width>
    			<height>100</height>
			<font>font14</font>
			<textcolor>white</textcolor>
    			<selectedcolor>selected</selectedcolor>
	                <align>center</align>
			<label>[1]</label>
			<style>bold</style>
			<info>MusicPlayer.Time</info>
			<visible>Player.HasAudio + Window.IsVisible(home)</visible>
		</control>
		<control type="label">
			<visible>true</visible>
			<left>150</left>
			<top>445</top>
	                <width>250</width>
	                <height>100</height>
			<font>font14</font>
			<textcolor>white</textcolor>
	                <selectedcolor>selected</selectedcolor>
	                <align>center</align>
			<label>/</label>
			<style>bold</style>
			<visible>Player.HasAudio + Window.IsVisible(home)</visible>
		</control>
		<control type="label">
			<visible>true</visible>
			<left>190</left>
			<top>445</top>
	                <width>250</width>
    			<height>100</height>
			<font>font14</font>
			<textcolor>white</textcolor>
    			<selectedcolor>selected</selectedcolor>
	                <align>center</align>
			<label>[1]</label>
			<style>bold</style>
			<info>MusicPlayer.Duration</info>
			<visible>Player.HasAudio + Window.IsVisible(home)</visible>
		</control>
		<control type="label">
			<description>Info Label Random</description>
			<visible>true</visible>
			<left>120</left>
			<top>390</top>
    			<width>75</width>
	                <height>100</height>
			<font>font12</font>
			<textcolor>white</textcolor>
			<label>Random</label>
		</control>
		<control type="label">
			<description>Random Status</description>
			<visible>true</visible>
			<left>145</left>
			<top>410</top>
	                <width>80</width>
    			<height>100</height>
			<font>font14</font>
			<textcolor>white</textcolor>
			<label>Random</label>
			<info>Playlist.Random</info>
		</control>
		<control type="label">
			<description>Info Label Repeat</description>
			<visible>true</visible>
			<align>right</align>
			<left>350</left>
			<top>390</top>
	                <width>75</width>
    			<height>100</height>
			<font>font12</font>
			<textcolor>white</textcolor>
			<label>Repeat</label>
		</control>
		<control type="label">
			<description>Repeat Status</description>
			<visible>true</visible>
			<align>right</align>
			<left>328</left>
			<top>410</top>
	                <width>75</width>
    			<height>100</height>
			<font>font14</font>
			<textcolor>white</textcolor>
			<label>Repeat</label>
			<info>Playlist.Repeat</info>
		</control>
        </control>
	<control type="group">
			<include>Window_OpenClose_Animation_Zoom</include>
			<posx>560r</posx>
			<posy>135</posy>
			<include>VisibleFadeEffect</include>
			<control type="button">
				<description>Music Button</description>
				<posx>0</posx>
				<posy>0</posy>
				<width>540</width>
				<height>130</height>
				<font>-</font>
				<texturenofocus >home_4.png</texturenofocus>
				<texturefocus border="5">home_4_p.png</texturefocus>
				<onclick>ActivateWindow(Music,musicdb://albums/)</onclick>
			</control>
			<control type="image">
				<description>Music Button Image</description>
				<posx>140r</posx>
				<posy>30</posy>
				<width>80</width>
				<height>80</height>
				<texture>music2.png</texture>
			</control>
			<control type="label">
				<description>Music label</description>
				<posx>210</posx>
				<posy>22</posy>
				<height>90</height>
				<width>250</width>
				<label>$LOCALIZE[40004]</label>
				<align>center</align>
				<aligny>center</aligny>
				<font>font40_title</font>
				<textcolor>FFFFFFFF</textcolor>		
			</control>
		</control>
		<control type="group">
			<include>Window_OpenClose_Animation_Zoom</include>
			<posx>428r</posx>
			<posy>280</posy>
			<include>VisibleFadeEffect</include>
			<control type="button">
				<description>Movies Button</description>
				<posx>0</posx>
				<posy>0</posy>
				<width>408</width>
				<height>130</height>
				<font>-</font>
				<texturenofocus >home_5.png</texturenofocus>
				<texturefocus border="5">home_5_p.png</texturefocus>
				<onclick>ActivateWindow(Video,videodb://movies/titles/)</onclick>
			</control>
			<control type="image">
				<description>Movies Button Image</description>
				<posx>140r</posx>
				<posy>30</posy>
				<width>80</width>
				<height>80</height>
				<texture>video2.png</texture>
			</control>
			<control type="label">
				<description>Movies label</description>
				<posx>80</posx>
				<posy>22</posy>
				<height>90</height>
				<width>250</width>
				<label>$LOCALIZE[40022]</label>
				<align>center</align>
				<aligny>center</aligny>
				<font>font40_title</font>
				<textcolor>FFFFFFFF</textcolor>			
			</control>
		</control>
		<control type="group">
			<include>Window_OpenClose_Animation_Zoom</include>
			<posx>560r</posx>
			<posy>430</posy>
			<visible>true</visible>
			<include>VisibleFadeEffect</include>
			<control type="button">
				<description>Shutdown Button</description>
				<posx>0</posx>
				<posy>0</posy>
				<width>540</width>
				<height>130</height>
				<font>-</font>
				<texturenofocus>home_6.png</texturenofocus>
				<texturefocus border="5">home_6_p.png</texturefocus>
				<onclick>ActivateWindow(1998)</onclick>
			</control>
			<control type="image">
				<description>Shutdown Button Image</description>
				<posx>140r</posx>
				<posy>30</posy>
				<width>80</width>
				<height>80</height>
				<texture>shut-down2.png</texture>
			</control>
			<control type="label">
				<description>Shutdown label</description>
				<posx>185</posx>
				<posy>22</posy>
				<height>90</height>
				<width>250</width>
				<label>$LOCALIZE[40006]</label>
				<align>center</align>
				<aligny>center</aligny>
				<font>font40_title</font>
				<textcolor>FFFFFFFF</textcolor>			
			</control>
		</control>
		
		<include>CommonBottomBar</include>

		<control type="group">
			<posy>150r</posy>
			<include>RadioStationName</include>
		</control>

		<include>HomeRecentlyAddedInfo</include>
		<include>BottomNowPLaying</include>

		<control type="panel" id="9002">
			<include>SubMenuCommonLayout</include>
			<content>
				<item>
					<label></label>
					<onclick>RunScript(plugin.program.pidash)</onclick>
					<icon>icon_pidash_w.png</icon>
					<visible>!Player.HasVideo + !Player.HasAudio + Window.IsVisible(home)</visible>
					<visible>System.HasAddon(plugin.program.pidash)</visible>
				</item>
				<item>
					<label></label>
					<onclick>ActivateWindow(Filemanager)</onclick>
					<icon>icon_filemanager_w.png</icon>
					<visible>!Player.HasVideo + !Player.HasAudio + Window.IsVisible(home)</visible>
				</item>
				<item>
					<label></label>
					<onclick>ActivateWindow(VideoPlaylist)</onclick>
					<icon>icon_playlist_w.png</icon>
					<visible>Player.HasVideo + Window.IsVisible(home)</visible>
				</item>
				<item>
					<label></label>
					<onclick>ActivateWindow(Musicplaylist)</onclick>
					<icon>icon_playlist_w.png</icon>
					<visible>!Player.HasVideo + Player.HasAudio + Window.IsVisible(home)</visible>
				</item>
				<item>
					<label></label>
					<onclick>ActivateWindow(Settings)</onclick>
					<icon>icon_settings_w.png</icon>
				</item>
			</content>
		</control>
   		<include>BehindDialogFadeOut</include>
	</controls>	
</window>

