<window id="107">
	<include>Window_OpenClose_Animation</include>
	<controls>
		<control type="group">
			<posx>0</posx>
			<posy>0</posy>
			<control type="image">
				<posx>430</posx>
				<posy>137</posy>
				<width>419</width>
				<height>419</height>
				<texture border="8">logo_b.png</texture>
			</control>
			<control type="image" id="400">
				<description>Icon</description>
				<posx>430</posx>
				<posy>137</posy>
				<width>419</width>
				<height>419</height>
				<!--<aspectratio>keep</aspectratio>-->
				<texture>Defaulticoninfo.png</texture>
			</control>
			<control type="fadelabel" id="401">
				<description>Line 1 Label</description>
				<posx>445</posx>
				<posy>310</posy>
				<width>390</width>
				<height>20</height>
				<font>font14_title</font>
				<textcolor>white</textcolor>
				<align>center</align>
				<aligny>center</aligny>
				<style>bold</style>
				<scrollout>false</scrollout>
				<pauseatend>2000</pauseatend>
			</control>
			<control type="textbox" id="402">
				<description>Line 2 Label</description>
				<posx>445</posx>
				<posy>350</posy>
				<width>390</width>
				<height>80</height>
				<font>font14_title</font>
				<textcolor>white</textcolor>
				<align>center</align>
			</control>
			<control type="image" id="403">
				<description>avatar</description>
				<posx>430</posx>
				<posy>137</posy>
				<width>419</width>
				<height>419</height>
				<!--<aspectratio>keep</aspectratio>-->
				<visible>false</visible>
				<texture>Defaulticoninfo.png</texture>
			</control>
			<control type="image" id="404">
				<description>avatar</description>
				<posx>430</posx>
				<posy>137</posy>
				<width>419</width>
				<height>419</height>
				<!--<aspectratio>keep</aspectratio>-->
				<visible>false</visible>
				<texture>Defaulticonwarning.png</texture>
			</control>
			<control type="image" id="405">
				<description>avatar</description>
				<posx>430</posx>
				<posy>137</posy>
				<width>419</width>
				<height>419</height>
				<!--<aspectratio>keep</aspectratio>-->
				<visible>false</visible>
				<texture>Defaulticonerror.png</texture>
			</control>
		</control>
	</controls>
</window>
