<window id="12">
	<defaultcontrol>3</defaultcontrol>
	<allowoverlay>no</allowoverlay>
	<controls>
		<include>CommonBackground</include>
		<include>CommonTopBar</include>
		<include>CommonBottomBar</include>
		<include>CommonBackgroundOverlay</include>
		<include>HomeButtonCommons</include>
		<include>CommonNowPlaying</include>
		<include>BottomNowPLaying</include>
		<include>Time</include>
		<include>Weather</include>
		
		<control type="label">
			<description>Window label</description>
			<include>MediaWindowTitleCommons</include>
			<label>$LOCALIZE[5]$INFO[Control.GetLabel(2), - ]</label>
		</control>
		<control type="panel" id="9002">
			<visible>!Window.IsActive(PlayerControls)</visible>
			<include>VisibleFadeEffect</include>
			<include>SubMenuCommonLayout</include>
			<content>
				<item>
					<label>1036</label>
					<onclick>ActivateWindow(Favourites)</onclick>
					<icon>icon_favourites_w.png</icon>
				</item>
				
				<item>
					<label>31200</label>
					<onclick>Back</onclick>
					<icon>icon_back_w.png</icon>
				</item>
			</content>
		</control>
		<control type="group">
			<include>Window_OpenClose_Animation_Zoom</include>
			<!--<include>16x9_xPos_Relocation</include>-->
			<posx>37</posx>
			<posy>105</posy>
			<control type="grouplist" id="3">
				<description>button area</description>
				<posx>0</posx>
				<posy>0</posy>
				<!--<width>210</width>-->
				<width>280</width>
				<height>640</height>
				<itemgap>-1</itemgap>
				<onleft>5</onleft>
				<onright>5</onright>
				<onup>3</onup>
				<ondown>3</ondown>
			</control>
			<control type="grouplist" id="5">
				<description>control area</description>
				<!--<posx>225</posx>-->
				<posx>295</posx>
				<posy>0</posy>
				<!--<width>760</width>-->
				<width>900</width>
				<height>520</height>
				<itemgap>0</itemgap>
				<pagecontrol>37</pagecontrol>
				<onleft>3</onleft>
				<onright>3</onright>
				<onup>5</onup>
				<ondown>5</ondown>
			</control>
		</control>
		<include>BehindDialogFadeOut</include>

		<control type="button" id="10">
			<description>Default Category Button</description>
			<height>70</height>
			<textoffsetx>5</textoffsetx>
			<align>left</align>
			<aligny>center</aligny>
			<font>font24_title</font>
			<textcolor>white</textcolor>
			<focusedcolor>selected</focusedcolor>
			<texturefocus border="5">button-nofocus2.png</texturefocus>
			<texturenofocus border="5">button-nofocus2.png</texturenofocus>
			<pulseonselect>false</pulseonselect>
		</control>
		<control type="button" id="7">
			<description>Default Button</description>
			<posx>0</posx>
			<posy>0</posy>
			<height>60</height>
			<font>font13</font>
			<textcolor>white</textcolor>
			<focusedcolor>black</focusedcolor>
			<texturefocus border="5">ListFO.png</texturefocus>
			<texturenofocus border="5">ListNF.png</texturenofocus>
		</control>
		<control type="radiobutton" id="8">
			<description>Default RadioButton</description>
			<posx>0</posx>
			<posy>0</posy>
			<height>60</height>
			<font>font13</font>
			<textcolor>white</textcolor>
			<focusedcolor>black</focusedcolor>
			<texturefocus border="5">ListFO.png</texturefocus>
			<texturenofocus border="5">ListNF.png</texturenofocus>
		</control>
		<control type="spincontrolex" id="9">
			<description>Default SpinControlex</description>
			<posx>0</posx>
			<posy>0</posy>
			<height>60</height>
			<font>font13</font>
			<textcolor>white</textcolor>
			<focusedcolor>black</focusedcolor>
			<texturefocus border="5">ListFO.png</texturefocus>
			<texturenofocus border="5">ListNF.png</texturenofocus>
			<aligny>center</aligny>
			<reverse>yes</reverse>
		</control>
		<control type="image" id="11">
			<description>separator image</description>
			<height>5</height>
			<texture>separator.png</texture>
		</control>
		<control type="label" id="2">
			<description>Fake Label so we can pass it on</description>
			<posx>0</posx>
			<posy>0</posy>
			<width>0</width>
			<height>0</height>
			<font>-</font>
			<visible>false</visible>
		</control>
	</controls>
</window>
