<?xml version="1.0" encoding="UTF-8" standalone="yes"?>
<addon id="service.pidash.server" name="PiDash-Server" version="1.0.3" provider-name="Marc Hillesheim">
    <requires>
        <import addon="xbmc.python" version="2.1.0"/>
    </requires>
    <extension point="xbmc.service" library="service.py" start="start"/>
    <extension point="xbmc.addon.metadata">
        <platform>all</platform>
        <summary lang="en">PiDash-Server for Pi-Dashcam</summary>
        <description lang="en">PiDash-Server for Pi-Dashcam</description>
        <license>GNU GENERAL PUBLIC LICENSE. Version 2, June 1991</license>
        <forum>www.raspicarprojekte.de/showthread.php?tid=861</forum>
        <email>hawkeyexp@gmail.com</email>
    </extension>
</addon>
