<window id="1200">
	<defaultcontrol always="true">9000</defaultcontrol>
	<controls>
	    <include>Window_OpenClose_Animation_Zoom</include>
	    <include>CommonBackground</include>

	    <control type="image">
		    <include>Window_OpenClose_Animation_Slide_Down</include>
		    <posx>0</posx>
		    <posy>0</posy>
		    <width>ScreenWidth</width>
		    <height>80</height>
		    <texture>piwire_topbar.png</texture>
	    </control>
	    <control type="group">
		<control type="image">		
			<include>Window_OpenClose_Animation_Slide_Down</include>
			<include>VisibleFadeEffect</include>
			<posx>450</posx>
		        <posy>0</posy>
			<width>375</width>
			<height>75</height>
			<aligny>center</aligny>
			<align>center</align>
			<texture>piwire_ceas.png</texture>
		</control>
		<control type="label">
			<include>Window_OpenClose_Animation_Slide_Down</include>
			<description>time label</description>
			<posx>255</posx>
			<posy>0</posy>
			<width>350</width>
			<height>67</height>
			<aligny>center</aligny>
			<align>center</align>
			<font>font50_title</font>
			<textcolor>white</textcolor>
			<label>$INFO[System.Time]</label>
			<include>VisibleFadeEffect</include>
			<include>16x9_xPos_Relocation</include>
		</control>
	    </control>	
	    <control type="image">
		    <include>Window_OpenClose_Animation_Slide_Up</include>
		    <posx>0</posx>
		    <posy>630</posy>
		    <width>ScreenWidth</width>
		    <height>90</height>
		    <texture>piwire_bottombar.png</texture>
	    </control>
	    <control type="button" id="1203">
		    <description>Dummy Focus Button</description>
		    <posx>-1</posx>
		    <posy>-1</posy>
		    <width>1</width>
		    <height>1</height>
		    <font>-</font>
		    <texturenofocus border="5">piwire_overlay.png</texturenofocus>
		    <texturefocus border="5">piwire_overlay.png</texturefocus>
	    </control>

	    <control type="group">
		<include>Window_OpenClose_Animation_Slide_Down</include>
		<posx>0</posx>
		<posy>0</posy>
		<include>VisibleFadeEffect</include>
		<control type="button" id="1201">
			<description>Home Button</description>
			<posx>0</posx>
			<posy>0</posy>
			<width>75</width>
			<height>75</height>
			<font>-</font>
			<texturenofocus border="5">piwire_floor_button_t.png</texturenofocus>
			<texturefocus border="5">piwire_floor_buttonFO.png</texturefocus>
			<onclick>ActivateWindow(Home)</onclick>
		</control>
		<control type="image">
			<description>Home Button Image</description>
			<posx>0</posx>
			<posy>0</posy>
			<width>70</width>
			<height>70</height>
			<texture>piwire_icon_home.png</texture>
		</control>

		<control type="label">
			<description>Title</description>
			<posx>100</posx>
			<posy>0</posy>
			<width>350</width>
			<font>font30_title</font>
			<height>80</height>
			<aligny>center</aligny>
			<label>1-Wire Dashboard</label>
		</control>
	    </control>

	    <control type="group">
		<include>Window_OpenClose_Animation_Slide_Up</include>
		<posx>170r</posx>
		<posy>86r</posy>
		<include>VisibleFadeEffect</include>
		<control type="button" id="1202">
			<description>Back Button</description>
			<posx>86</posx>
			<posy>0</posy>
			<width>82</width>
			<height>82</height>
			<font>-</font>
			<texturenofocus border="5">piwire_floor_button_t.png</texturenofocus>
			<texturefocus border="5">piwire_floor_buttonFO.png</texturefocus>
			<onclick>ReturnDir</onclick>
		</control>
		<control type="image">
			<description>Back Button Image</description>
			<posx>96</posx>
			<posy>8</posy>
			<width>64</width>
			<height>64</height>
			<texture>piwire_icon_back_w.png</texture>
		</control>
	    </control>

	    <control type="group">
		<include>Window_OpenClose_Animation_Slide_Up</include>
		<posx>0</posx>
		<posy>86r</posy>
		<include>VisibleFadeEffect</include>
		<control type="button" id="1204">
			<description>Settings Button</description>
			<posx>0</posx>
			<posy>0</posy>
			<width>82</width>
			<height>82</height>
			<font>-</font>
			<texturenofocus border="5">piwire_floor_button_t.png</texturenofocus>
			<texturefocus border="5">piwire_floor_buttonFO.png</texturefocus>
		</control>
		<control type="image">
			<description>Settings Button Image</description>
			<posx>8</posx>
			<posy>8</posy>
			<width>64</width>
			<height>64</height>
			<texture>piwire_icon_settings_w.png</texture>
		</control>
	    </control>


	    <control type="group">
		<description>Sensor1</description>
		<include>Window_OpenClose_Animation_Zoom</include>
		<visible>substring(Window(Home).Property(showsensor1),true)</visible>
		<posx>125</posx>
		<posy>100</posy>
		<control type="image">
			<description>Background</description>
			<posx>0</posx>
			<posy>0</posy>
			<width>250</width>
			<height>250</height>
			<texture>piwire_tempbg.png</texture>
		</control>
        	<control type="label">
            		<posx>0</posx>
            		<posy>60</posy>
            		<width>250</width>
            		<height>50</height>
            		<font>font30_title</font>
            		<textcolor>white</textcolor>
            		<align>center</align>
            		<aligny>center</aligny>
            		<label>$INFO[Window(Home).Property(sensor1)]</label>
		</control>
        	<control type="label">
            		<posx>0</posx>
            		<posy>100</posy>
            		<width>250</width>
            		<height>50</height>
            		<font>font30_title</font>
            		<textcolor>white</textcolor>
            		<align>center</align>
            		<aligny>center</aligny>
            		<label>$INFO[Window(Home).Property(Temp1)]</label>
		</control>
		<control type="image">
			<description>Temp Trend</description>
			<posx>100</posx>
			<posy>160</posy>
			<width>50</width>
			<height>50</height>
			<texture>$INFO[Window(Home).Property(Trend1)]</texture>
		</control>
	    </control>

	    <control type="group">
		<description>Sensor2</description>
		<include>Window_OpenClose_Animation_Zoom</include>
		<visible>substring(Window(Home).Property(showsensor2),true)</visible>
		<posx>385</posx>
		<posy>100</posy>
		<control type="image">
			<description>Background</description>
			<posx>0</posx>
			<posy>0</posy>
			<width>250</width>
			<height>250</height>
			<texture>piwire_tempbg.png</texture>
		</control>
        	<control type="label">
            		<posx>0</posx>
            		<posy>60</posy>
            		<width>250</width>
            		<height>50</height>
            		<font>font30_title</font>
            		<textcolor>white</textcolor>
            		<align>center</align>
            		<aligny>center</aligny>
            		<label>$INFO[Window(Home).Property(sensor2)]</label>
		</control>
        	<control type="label">
            		<posx>0</posx>
            		<posy>100</posy>
            		<width>250</width>
            		<height>50</height>
            		<font>font30_title</font>
            		<textcolor>white</textcolor>
            		<align>center</align>
            		<aligny>center</aligny>
            		<label>$INFO[Window(Home).Property(Temp2)]</label>
		</control>
		<control type="image">
			<description>Temp Trend</description>
			<posx>100</posx>
			<posy>160</posy>
			<width>50</width>
			<height>50</height>
			<texture>$INFO[Window(Home).Property(Trend2)]</texture>
		</control>
	    </control>

	    <control type="group">
		<description>Sensor3</description>
		<include>Window_OpenClose_Animation_Zoom</include>
		<visible>substring(Window(Home).Property(showsensor3),true)</visible>
		<posx>645</posx>
		<posy>100</posy>
		<control type="image">
			<description>Background</description>
			<posx>0</posx>
			<posy>0</posy>
			<width>250</width>
			<height>250</height>
			<texture>piwire_tempbg.png</texture>
		</control>
        	<control type="label">
            		<posx>0</posx>
            		<posy>60</posy>
            		<width>250</width>
            		<height>50</height>
            		<font>font30_title</font>
            		<textcolor>white</textcolor>
            		<align>center</align>
            		<aligny>center</aligny>
            		<label>$INFO[Window(Home).Property(sensor3)]</label>
		</control>
        	<control type="label">
            		<posx>0</posx>
            		<posy>100</posy>
            		<width>250</width>
            		<height>50</height>
            		<font>font30_title</font>
            		<textcolor>white</textcolor>
            		<align>center</align>
            		<aligny>center</aligny>
            		<label>$INFO[Window(Home).Property(Temp3)]</label>
		</control>
		<control type="image">
			<description>Temp Trend</description>
			<posx>100</posx>
			<posy>160</posy>
			<width>50</width>
			<height>50</height>
			<texture>$INFO[Window(Home).Property(Trend3)]</texture>
		</control>
	    </control>

	    <control type="group">
		<description>Sensor4</description>
		<include>Window_OpenClose_Animation_Zoom</include>
		<visible>substring(Window(Home).Property(showsensor4),true)</visible>
		<posx>905</posx>
		<posy>100</posy>
		<control type="image">
			<description>Background</description>
			<posx>0</posx>
			<posy>0</posy>
			<width>250</width>
			<height>250</height>
			<texture>piwire_tempbg.png</texture>
		</control>
        	<control type="label">
            		<posx>0</posx>
            		<posy>60</posy>
            		<width>250</width>
            		<height>50</height>
            		<font>font30_title</font>
            		<textcolor>white</textcolor>
            		<align>center</align>
            		<aligny>center</aligny>
            		<label>$INFO[Window(Home).Property(sensor4)]</label>
		</control>
        	<control type="label">
            		<posx>0</posx>
            		<posy>100</posy>
            		<width>250</width>
            		<height>50</height>
            		<font>font30_title</font>
            		<textcolor>white</textcolor>
            		<align>center</align>
            		<aligny>center</aligny>
            		<label>$INFO[Window(Home).Property(Temp4)]</label>
		</control>
		<control type="image">
			<description>Temp Trend</description>
			<posx>100</posx>
			<posy>160</posy>
			<width>50</width>
			<height>50</height>
			<texture>$INFO[Window(Home).Property(Trend4)]</texture>
		</control>
	    </control>

	    <control type="group">
		<description>Sensor5</description>
		<include>Window_OpenClose_Animation_Zoom</include>
		<visible>substring(Window(Home).Property(showsensor5),true)</visible>
		<posx>125</posx>
		<posy>360</posy>
		<control type="image">
			<description>Background</description>
			<posx>0</posx>
			<posy>0</posy>
			<width>250</width>
			<height>250</height>
			<texture>piwire_tempbg.png</texture>
		</control>
        	<control type="label">
            		<posx>0</posx>
            		<posy>60</posy>
            		<width>250</width>
            		<height>50</height>
            		<font>font30_title</font>
            		<textcolor>white</textcolor>
            		<align>center</align>
            		<aligny>center</aligny>
            		<label>$INFO[Window(Home).Property(sensor5)]</label>
		</control>
        	<control type="label">
            		<posx>0</posx>
            		<posy>100</posy>
            		<width>250</width>
            		<height>50</height>
            		<font>font30_title</font>
            		<textcolor>white</textcolor>
            		<align>center</align>
            		<aligny>center</aligny>
            		<label>$INFO[Window(Home).Property(Temp5)]</label>
		</control>
		<control type="image">
			<description>Temp Trend</description>
			<posx>100</posx>
			<posy>160</posy>
			<width>50</width>
			<height>50</height>
			<texture>$INFO[Window(Home).Property(Trend5)]</texture>
		</control>
	    </control>

	    <control type="group">
		<description>Sensor6</description>
		<include>Window_OpenClose_Animation_Zoom</include>
		<visible>substring(Window(Home).Property(showsensor6),true)</visible>
		<posx>385</posx>
		<posy>360</posy>
		<control type="image">
			<description>Background</description>
			<posx>0</posx>
			<posy>0</posy>
			<width>250</width>
			<height>250</height>
			<texture>piwire_tempbg.png</texture>
		</control>
        	<control type="label">
            		<posx>0</posx>
            		<posy>60</posy>
            		<width>250</width>
            		<height>50</height>
            		<font>font30_title</font>
            		<textcolor>white</textcolor>
            		<align>center</align>
            		<aligny>center</aligny>
            		<label>$INFO[Window(Home).Property(sensor6)]</label>
		</control>
        	<control type="label">
            		<posx>0</posx>
            		<posy>100</posy>
            		<width>250</width>
            		<height>50</height>
            		<font>font30_title</font>
            		<textcolor>white</textcolor>
            		<align>center</align>
            		<aligny>center</aligny>
            		<label>$INFO[Window(Home).Property(Temp6)]</label>
		</control>
		<control type="image">
			<description>Temp Trend</description>
			<posx>100</posx>
			<posy>160</posy>
			<width>50</width>
			<height>50</height>
			<texture>$INFO[Window(Home).Property(Trend6)]</texture>
		</control>
	    </control>

	    <control type="group">
		<description>Sensor7</description>
		<include>Window_OpenClose_Animation_Zoom</include>
		<visible>substring(Window(Home).Property(showsensor7),true)</visible>
		<posx>645</posx>
		<posy>360</posy>
		<control type="image">
			<description>Background</description>
			<posx>0</posx>
			<posy>0</posy>
			<width>250</width>
			<height>250</height>
			<texture>piwire_tempbg.png</texture>
		</control>
        	<control type="label">
            		<posx>0</posx>
            		<posy>60</posy>
            		<width>250</width>
            		<height>50</height>
            		<font>font30_title</font>
            		<textcolor>white</textcolor>
            		<align>center</align>
            		<aligny>center</aligny>
            		<label>$INFO[Window(Home).Property(sensor7)]</label>
		</control>
        	<control type="label">
            		<posx>0</posx>
            		<posy>100</posy>
            		<width>250</width>
            		<height>50</height>
            		<font>font30_title</font>
            		<textcolor>white</textcolor>
            		<align>center</align>
            		<aligny>center</aligny>
            		<label>$INFO[Window(Home).Property(Temp7)]</label>
		</control>
		<control type="image">
			<description>Temp Trend</description>
			<posx>100</posx>
			<posy>160</posy>
			<width>50</width>
			<height>50</height>
			<texture>$INFO[Window(Home).Property(Trend7)]</texture>
		</control>
	    </control>

	    <control type="group">
		<description>Sensor8</description>
		<include>Window_OpenClose_Animation_Zoom</include>
		<visible>substring(Window(Home).Property(showsensor8),true)</visible>
		<posx>905</posx>
		<posy>360</posy>
		<control type="image">
			<description>Background</description>
			<posx>0</posx>
			<posy>0</posy>
			<width>250</width>
			<height>250</height>
			<texture>piwire_tempbg.png</texture>
		</control>
        	<control type="label">
            		<posx>0</posx>
            		<posy>60</posy>
            		<width>250</width>
            		<height>50</height>
            		<font>font30_title</font>
            		<textcolor>white</textcolor>
            		<align>center</align>
            		<aligny>center</aligny>
            		<label>$INFO[Window(Home).Property(sensor8)]</label>
		</control>
        	<control type="label">
            		<posx>0</posx>
            		<posy>100</posy>
            		<width>250</width>
            		<height>50</height>
            		<font>font30_title</font>
            		<textcolor>white</textcolor>
            		<align>center</align>
            		<aligny>center</aligny>
            		<label>$INFO[Window(Home).Property(Temp8)]</label>
		</control>
		<control type="image">
			<description>Temp Trend</description>
			<posx>100</posx>
			<posy>160</posy>
			<width>50</width>
			<height>50</height>
			<texture>$INFO[Window(Home).Property(Trend8)]</texture>
		</control>
	    </control>

	</controls>
</window>

