<window id="1998">
	<defaultcontrol always="true">5001</defaultcontrol>
	<allowoverlay>no</allowoverlay>
        <controls>
		<include>CommonBackground</include>
		<include>CommonTopBar</include>
		<include>CommonBottomBar</include>
		<include>HomeButtonCommons</include>
	        <include>BottomNowPLaying</include>
	        <include>Time</include>
	        <include>Weather</include>
		<control type="group" id="5000">
		<include>Window_OpenClose_Animation_Zoom</include>
			<posx>96</posx>
			<posy>250</posy>
			<include>VisibleFadeEffect</include>
			<visible>!Skin.HasSetting(sysevent)</visible>
			<control type="image">
				<description>Appearance</description>
				<posx>0</posx>
				<posy>0</posy>
				<width>200</width>
				<height>200</height>
				<texture>logo_b.png</texture>
			</control>
			<control type="button" id="5001">
				<description>Shutdown Button</description>
		                <onleft>Control.SetFocus(5008)</onleft>
		                <onright>Control.SetFocus(5002)</onright>
		                <ondown>Control.SetFocus(9002)</ondown>
		                <posx>0</posx>
				<posy>0</posy>
				<width>200</width>
				<height>200</height>
				<font>-</font>
				<texturefocus colordiffuse="$INFO[Skin.String(CustomColorFocus)]">shut-down_p.png</texturefocus>
				<texturenofocus colordiffuse="$INFO[Skin.String(CustomColorNofocus)]">shut-down.png</texturenofocus>
				<onclick>Skin.SetBool(sysevent)</onclick>
				<onclick>RunScript("special://skin/scripts/radio_off.py")</onclick>
				<onclick>RunScript("special://skin/scripts/system_poweroff.py")</onclick>
			</control>
			<control type="label">
				<description>Shutdown</description>
				<posx>0</posx>
				<posy>210</posy>
				<height>50</height>
				<width>210</width>
				<label>$LOCALIZE[40028]</label>
				<align>center</align>
				<aligny>top</aligny>
				<font>font30_title</font>
				<textcolor>FFFFFFFF</textcolor>	
			</control>
		</control>
		<control type="group" id="5002">
		<include>Window_OpenClose_Animation_Zoom</include>
			<posx>392</posx>
			<posy>250</posy>
			<include>VisibleFadeEffect</include>
			<visible>!Skin.HasSetting(sysevent)</visible>
			<control type="image">
				<description>Appearance</description>
				<posx>0</posx>
				<posy>0</posy>
				<width>200</width>
				<height>200</height>
				<texture>logo_b.png</texture>
			</control>
			<control type="button" id="5003">
				<description>Button Reboot</description>
		                <onleft>Control.SetFocus(5001)</onleft>
		                <onright>Control.SetFocus(5005)</onright>
		                <ondown>Control.SetFocus(9002)</ondown>
		                <posx>0</posx>
				<posy>0</posy>
				<width>200</width>
				<height>200</height>
				<font>-</font>
				<texturefocus colordiffuse="$INFO[Skin.String(CustomColorFocus)]">refresh_p.png</texturefocus>
				<texturenofocus colordiffuse="$INFO[Skin.String(CustomColorNofocus)]">refresh.png</texturenofocus>
				<onclick>Skin.SetBool(sysevent)</onclick>
				<onclick>RunScript("special://skin/scripts/radio_off.py")</onclick>
				<onclick>RunScript("special://skin/scripts/system_reboot.py")</onclick>
			</control>
			<control type="label">
				<description>Reboot</description>
				<posx>0</posx>
				<posy>210</posy>
				<height>50</height>
				<width>210</width>
				<label>$LOCALIZE[40029]</label>
				<align>center</align>
				<aligny>top</aligny>
				<font>font30_title</font>
				<textcolor>FFFFFFFF</textcolor>	
			</control>
		</control>
		<control type="group" id="5004">
		<include>Window_OpenClose_Animation_Zoom</include>
			<posx>688</posx>
			<posy>250</posy>
			<include>VisibleFadeEffect</include>
			<visible>!Skin.HasSetting(sysevent)</visible>
			<control type="image">
				<description>Appearance</description>
				<posx>0</posx>
				<posy>0</posy>
				<width>200</width>
				<height>200</height>
				<texture>logo_b.png</texture>
			</control>
			<control type="button" id="5005">
				<description>Button Reload Skin</description>
		                <onleft>Control.SetFocus(5003)</onleft>
		                <onright>Control.SetFocus(5008)</onright>
		                <ondown>Control.SetFocus(9002)</ondown>
		                <posx>0</posx>
				<posy>0</posy>
				<width>200</width>
				<height>200</height>
				<font>-</font>
				<texturefocus colordiffuse="$INFO[Skin.String(CustomColorFocus)]">reload_skin_p.png</texturefocus>
				<texturenofocus colordiffuse="$INFO[Skin.String(CustomColorNofocus)]">reload_skin.png</texturenofocus>
				<onclick>XBMC.ReloadSkin()</onclick>
				<onclick>ActivateWindow(Home)</onclick>
			</control>
			<control type="label">
				<description>Reload</description>
				<posx>0</posx>
				<posy>210</posy>
				<height>50</height>
				<width>210</width>
				<label>$LOCALIZE[40030]</label>
				<align>center</align>
				<aligny>top</aligny>
				<font>font30_title</font>
				<textcolor>FFFFFFFF</textcolor>	
			</control>
		</control>
		<control type="group" id="5004">
		<include>Window_OpenClose_Animation_Zoom</include>
			<posx>984</posx>
			<posy>250</posy>
			<include>VisibleFadeEffect</include>
			<visible>!Skin.HasSetting(sysevent)</visible>
			<control type="image">
				<description>Appearance</description>
				<posx>0</posx>
				<posy>0</posy>
				<width>200</width>
				<height>200</height>
				<texture>logo_b.png</texture>
			</control>
			<control type="button" id="5008">
				<description>Button Wifi Skin</description>
		                <onleft>Control.SetFocus(5005)</onleft>
		                <onright>Control.SetFocus(5001)</onright>
		                <ondown>Control.SetFocus(9002)</ondown>
		                <posx>0</posx>
				<posy>0</posy>
				<width>200</width>
				<height>200</height>
				<font>-</font>
				<texturefocus colordiffuse="$INFO[Skin.String(CustomColorFocus)]">wifi_p.png</texturefocus>
				<texturenofocus colordiffuse="$INFO[Skin.String(CustomColorNofocus)]">wifi.png</texturenofocus>
				<onclick condition="!System.HasAddon(plugin.program.wifimanager)">ActivateWindow(1118)</onclick>
				<onclick condition="System.HasAddon(plugin.program.wifimanager)">RunPlugin(plugin://plugin.program.wifimanager)</onclick>
			</control>
			<control type="label">
				<description>Wifi</description>
				<posx>0</posx>
				<posy>210</posy>
				<height>50</height>
				<width>210</width>
				<label>$LOCALIZE[40027]</label>
				<align>center</align>
				<aligny>top</aligny>
				<font>font30_title</font>
				<textcolor>FFFFFFFF</textcolor>	
			</control>
		</control>
		<control type="label">
			<description>Window label</description>
			<include>MediaWindowTitleCommons</include>
			<label>$LOCALIZE[40021]</label>
		</control>

		<control type="group">
		<include>Window_OpenClose_Animation_Zoom</include>
			<posx>-96</posx>
			<posy>305</posy>
			<include>VisibleFadeEffect</include>
			<visible>Skin.HasSetting(sysevent)</visible>
			<control type="label">
			    <visible>substring(Window(Home).Property(syseventshutdown),true)</visible>
			    <description>shutdown</description>
			    <label>[B]$LOCALIZE[40066][/B]</label>
			    <align>center</align>
			    <aligny>center</aligny>
			    <font>font30_title</font>
			    <height>80</height>
			    <width>1280</width>
			    <shadowcolor>black</shadowcolor>
			</control>
			<control type="label">
			    <visible>substring(Window(Home).Property(syseventreboot),true)</visible>
			    <description>reboot</description>
			    <label>[B]$LOCALIZE[40067][/B]</label>
			    <align>center</align>
			    <aligny>center</aligny>
			    <font>font30_title</font>
			    <height>80</height>
			    <width>1280</width>
			    <shadowcolor>black</shadowcolor>
			</control>
		</control>
		<control type="panel" id="9002">
			<visible>!Window.IsActive(PlayerControls)</visible>
			<include>VisibleFadeEffect</include>
			<include>SubMenuCommonLayout</include>
	                <onup>Control.SetFocus(5008)</onup>
			<content>
				<item>
					<label>31200</label>
					<onclick>Quit</onclick>
					<icon>icon_shutdown_w.png</icon>
				</item>
				<item>
					<label>31200</label>
					<onclick>Back</onclick>
					<icon>icon_back_w.png</icon>
				</item>
			</content>
		</control>
		<include>BehindDialogFadeOut</include>
   </controls>      
</window>
