<window type="dialog" id="1117">
	<defaultcontrol>91</defaultcontrol>
	<allowoverlay>no</allowoverlay>
	<onunload>Control.SetFocus(9002)</onunload>
	<include>16x9_xPos_Relocation</include>
	<include>Window_OpenClose_Animation_Zoom</include>
	<coordinates>
		<system>1</system>
		<posx>140</posx>
		<posy>100</posy>
	</coordinates>
	<controls>
		<control type="image">
			<posx>0</posx>
			<posy>0</posy>
			<width>600</width>
			<height>60</height>
			<texture border="5">DialogHeader.png</texture>
		</control>
		<!--<control type="label">
			<description>header label</description>
			<posx>20</posx>
			<posy>0</posy>
			<include>WindowTitleCommons</include>
			<width>510</width>
			<label>20077</label>
		</control>-->
		<control type="group">
			<posx>530</posx>
			<posy>0</posy>
			<include>DialogCloseButtonCommons</include>
		</control>
		<control type="image">
			<posx>0</posx>
			<posy>60</posy>
			<width>600</width>
			<height>450</height>
			<texture border="5">DialogHeader.png</texture>
		</control>
		<control type="grouplist" id="100">
			<description>control area</description>
			<posx>20</posx>
			<posy>60</posy>
			<width>520</width>
			<height>370</height>
			<itemgap>-1</itemgap>
			<pagecontrol>30</pagecontrol>
			<onup>9</onup>
			<ondown>9001</ondown>
			<onleft>2</onleft>
			<onright>30</onright>
			<control type="button" id="101">
				<description>Radio FM</description>
				<height>55</height>
				<width>520</width>
				<font>font24_title</font>
				<focusedcolor>selected</focusedcolor>
				<textcolor>white</textcolor>
				<texturefocus border="0,2,0,2">button-focus2.png</texturefocus>
				<texturenofocus border="0,2,0,2">MenuItemNF.png</texturenofocus>
				<label>$LOCALIZE[40003]</label>
				<onclick condition="StringCompare(Skin.String(HomeButtonSelected),1)">Skin.SetString(HomeButton1Value,RadioFM)</onclick>
				<onclick condition="StringCompare(Skin.String(HomeButtonSelected),2)">Skin.SetString(HomeButton2Value,RadioFM)</onclick>
				<onclick condition="StringCompare(Skin.String(HomeButtonSelected),3)">Skin.SetString(HomeButton3Value,RadioFM)</onclick>
				<onclick condition="StringCompare(Skin.String(HomeButtonSelected),4)">Skin.SetString(HomeButton4Value,RadioFM)</onclick>
				<onclick condition="StringCompare(Skin.String(HomeButtonSelected),5)">Skin.SetString(HomeButton5Value,RadioFM)</onclick>
				<onclick condition="StringCompare(Skin.String(HomeButtonSelected),6)">Skin.SetString(HomeButton6Value,RadioFM)</onclick>
				<onclick>Skin.SetString(HomeButtonSelected,)</onclick>
				<onclick>Dialog.Close(1117)</onclick>
			</control>
			<control type="button" id="102">
				<description>Music Videos</description>
				<height>55</height>
				<width>520</width>
				<font>font24_title</font>
				<focusedcolor>selected</focusedcolor>
				<textcolor>white</textcolor>
				<texturefocus border="0,2,0,2">button-focus2.png</texturefocus>
				<texturenofocus border="0,2,0,2">MenuItemNF.png</texturenofocus>
				<label>$LOCALIZE[40001]</label>
				<onclick condition="StringCompare(Skin.String(HomeButtonSelected),1)">Skin.SetString(HomeButton1Value,Musicvideos)</onclick>
				<onclick condition="StringCompare(Skin.String(HomeButtonSelected),2)">Skin.SetString(HomeButton2Value,Musicvideos)</onclick>
				<onclick condition="StringCompare(Skin.String(HomeButtonSelected),3)">Skin.SetString(HomeButton3Value,Musicvideos)</onclick>
				<onclick condition="StringCompare(Skin.String(HomeButtonSelected),4)">Skin.SetString(HomeButton4Value,Musicvideos)</onclick>
				<onclick condition="StringCompare(Skin.String(HomeButtonSelected),5)">Skin.SetString(HomeButton5Value,Musicvideos)</onclick>
				<onclick condition="StringCompare(Skin.String(HomeButtonSelected),6)">Skin.SetString(HomeButton6Value,Musicvideos)</onclick>
				<onclick>Skin.SetString(HomeButtonSelected,)</onclick>
				<onclick>Dialog.Close(1117)</onclick>
			</control>
			<control type="button" id="103">
				<description>Playlists</description>
				<height>55</height>
				<width>520</width>
				<font>font24_title</font>
				<focusedcolor>selected</focusedcolor>
				<textcolor>white</textcolor>
				<texturefocus border="0,2,0,2">button-focus2.png</texturefocus>
				<texturenofocus border="0,2,0,2">MenuItemNF.png</texturenofocus>
				<label>$LOCALIZE[40051]</label>
				<onclick condition="StringCompare(Skin.String(HomeButtonSelected),1)">Skin.SetString(HomeButton1Value,Playlists)</onclick>
				<onclick condition="StringCompare(Skin.String(HomeButtonSelected),2)">Skin.SetString(HomeButton2Value,Playlists)</onclick>
				<onclick condition="StringCompare(Skin.String(HomeButtonSelected),3)">Skin.SetString(HomeButton3Value,Playlists)</onclick>
				<onclick condition="StringCompare(Skin.String(HomeButtonSelected),4)">Skin.SetString(HomeButton4Value,Playlists)</onclick>
				<onclick condition="StringCompare(Skin.String(HomeButtonSelected),5)">Skin.SetString(HomeButton5Value,Playlists)</onclick>
				<onclick condition="StringCompare(Skin.String(HomeButtonSelected),6)">Skin.SetString(HomeButton6Value,Playlists)</onclick>
				<onclick>Skin.SetString(HomeButtonSelected,)</onclick>
				<onclick>Dialog.Close(1117)</onclick>
			</control>
			<control type="button" id="104">
				<description>Music</description>
				<height>55</height>
				<width>520</width>
				<font>font24_title</font>
				<focusedcolor>selected</focusedcolor>
				<textcolor>white</textcolor>
				<texturefocus border="0,2,0,2">button-focus2.png</texturefocus>
				<texturenofocus border="0,2,0,2">MenuItemNF.png</texturenofocus>
				<label>$LOCALIZE[40004]</label>
				<onclick condition="StringCompare(Skin.String(HomeButtonSelected),1)">Skin.SetString(HomeButton1Value,Albums)</onclick>
				<onclick condition="StringCompare(Skin.String(HomeButtonSelected),2)">Skin.SetString(HomeButton2Value,Albums)</onclick>
				<onclick condition="StringCompare(Skin.String(HomeButtonSelected),3)">Skin.SetString(HomeButton3Value,Albums)</onclick>
				<onclick condition="StringCompare(Skin.String(HomeButtonSelected),4)">Skin.SetString(HomeButton4Value,Albums)</onclick>
				<onclick condition="StringCompare(Skin.String(HomeButtonSelected),5)">Skin.SetString(HomeButton5Value,Albums)</onclick>
				<onclick condition="StringCompare(Skin.String(HomeButtonSelected),6)">Skin.SetString(HomeButton6Value,Albums)</onclick>
				<onclick>Skin.SetString(HomeButtonSelected,)</onclick>
				<onclick>Dialog.Close(1117)</onclick>
			</control>
			<control type="button" id="105">
				<description>Movies</description>
				<height>55</height>
				<width>520</width>
				<font>font24_title</font>
				<focusedcolor>selected</focusedcolor>
				<textcolor>white</textcolor>
				<texturefocus border="0,2,0,2">button-focus2.png</texturefocus>
				<texturenofocus border="0,2,0,2">MenuItemNF.png</texturenofocus>
				<label>$LOCALIZE[40022]</label>
				<onclick condition="StringCompare(Skin.String(HomeButtonSelected),1)">Skin.SetString(HomeButton1Value,Movies)</onclick>
				<onclick condition="StringCompare(Skin.String(HomeButtonSelected),2)">Skin.SetString(HomeButton2Value,Movies)</onclick>
				<onclick condition="StringCompare(Skin.String(HomeButtonSelected),3)">Skin.SetString(HomeButton3Value,Movies)</onclick>
				<onclick condition="StringCompare(Skin.String(HomeButtonSelected),4)">Skin.SetString(HomeButton4Value,Movies)</onclick>
				<onclick condition="StringCompare(Skin.String(HomeButtonSelected),5)">Skin.SetString(HomeButton5Value,Movies)</onclick>
				<onclick condition="StringCompare(Skin.String(HomeButtonSelected),6)">Skin.SetString(HomeButton6Value,Movies)</onclick>
				<onclick>Skin.SetString(HomeButtonSelected,)</onclick>
				<onclick>Dialog.Close(1117)</onclick>
			</control>
			<control type="button" id="106">
				<description>Shutdown</description>
				<height>55</height>
				<width>520</width>
				<font>font24_title</font>
				<focusedcolor>selected</focusedcolor>
				<textcolor>white</textcolor>
				<texturefocus border="0,2,0,2">button-focus2.png</texturefocus>
				<texturenofocus border="0,2,0,2">MenuItemNF.png</texturenofocus>
				<label>$LOCALIZE[40006]</label>
				<onclick condition="StringCompare(Skin.String(HomeButtonSelected),1)">Skin.SetString(HomeButton1Value,Shutdown)</onclick>
				<onclick condition="StringCompare(Skin.String(HomeButtonSelected),2)">Skin.SetString(HomeButton2Value,Shutdown)</onclick>
				<onclick condition="StringCompare(Skin.String(HomeButtonSelected),3)">Skin.SetString(HomeButton3Value,Shutdown)</onclick>
				<onclick condition="StringCompare(Skin.String(HomeButtonSelected),4)">Skin.SetString(HomeButton4Value,Shutdown)</onclick>
				<onclick condition="StringCompare(Skin.String(HomeButtonSelected),5)">Skin.SetString(HomeButton5Value,Shutdown)</onclick>
				<onclick condition="StringCompare(Skin.String(HomeButtonSelected),6)">Skin.SetString(HomeButton6Value,Shutdown)</onclick>
				<onclick>Skin.SetString(HomeButtonSelected,)</onclick>
				<onclick>Dialog.Close(1117)</onclick>
			</control>
			<control type="button" id="107">
				<description>Pictures</description>
				<height>55</height>
				<width>520</width>
				<font>font24_title</font>
				<focusedcolor>selected</focusedcolor>
				<textcolor>white</textcolor>
				<texturefocus border="0,2,0,2">button-focus2.png</texturefocus>
				<texturenofocus border="0,2,0,2">MenuItemNF.png</texturenofocus>
				<label>$LOCALIZE[40002]</label>
				<onclick condition="StringCompare(Skin.String(HomeButtonSelected),1)">Skin.SetString(HomeButton1Value,Pictures)</onclick>
				<onclick condition="StringCompare(Skin.String(HomeButtonSelected),2)">Skin.SetString(HomeButton2Value,Pictures)</onclick>
				<onclick condition="StringCompare(Skin.String(HomeButtonSelected),3)">Skin.SetString(HomeButton3Value,Pictures)</onclick>
				<onclick condition="StringCompare(Skin.String(HomeButtonSelected),4)">Skin.SetString(HomeButton4Value,Pictures)</onclick>
				<onclick condition="StringCompare(Skin.String(HomeButtonSelected),5)">Skin.SetString(HomeButton5Value,Pictures)</onclick>
				<onclick condition="StringCompare(Skin.String(HomeButtonSelected),6)">Skin.SetString(HomeButton6Value,Pictures)</onclick>
				<onclick>Skin.SetString(HomeButtonSelected,)</onclick>
				<onclick>Dialog.Close(1117)</onclick>
			</control>
			<control type="button" id="108">
				<description>Navigation</description>
				<height>55</height>
				<width>520</width>
				<font>font24_title</font>
				<focusedcolor>selected</focusedcolor>
				<textcolor>white</textcolor>
				<texturefocus border="0,2,0,2">button-focus2.png</texturefocus>
				<texturenofocus border="0,2,0,2">MenuItemNF.png</texturenofocus>
				<label>$LOCALIZE[40008]</label>
				<onclick condition="StringCompare(Skin.String(HomeButtonSelected),1)">Skin.SetString(HomeButton1Value,Navigation)</onclick>
				<onclick condition="StringCompare(Skin.String(HomeButtonSelected),2)">Skin.SetString(HomeButton2Value,Navigation)</onclick>
				<onclick condition="StringCompare(Skin.String(HomeButtonSelected),3)">Skin.SetString(HomeButton3Value,Navigation)</onclick>
				<onclick condition="StringCompare(Skin.String(HomeButtonSelected),4)">Skin.SetString(HomeButton4Value,Navigation)</onclick>
				<onclick condition="StringCompare(Skin.String(HomeButtonSelected),5)">Skin.SetString(HomeButton5Value,Navigation)</onclick>
				<onclick condition="StringCompare(Skin.String(HomeButtonSelected),6)">Skin.SetString(HomeButton6Value,Navigation)</onclick>
				<onclick>Skin.SetString(HomeButtonSelected,)</onclick>
				<onclick>Dialog.Close(1117)</onclick>
			</control>
			<control type="button" id="109">
				<description>Favourites</description>
				<height>55</height>
				<width>520</width>
				<font>font24_title</font>
				<focusedcolor>selected</focusedcolor>
				<textcolor>white</textcolor>
				<texturefocus border="0,2,0,2">button-focus2.png</texturefocus>
				<texturenofocus border="0,2,0,2">MenuItemNF.png</texturenofocus>
				<label>$LOCALIZE[40007]</label>
				<onclick condition="StringCompare(Skin.String(HomeButtonSelected),1)">Skin.SetString(HomeButton1Value,Favourites)</onclick>
				<onclick condition="StringCompare(Skin.String(HomeButtonSelected),2)">Skin.SetString(HomeButton2Value,Favourites)</onclick>
				<onclick condition="StringCompare(Skin.String(HomeButtonSelected),3)">Skin.SetString(HomeButton3Value,Favourites)</onclick>
				<onclick condition="StringCompare(Skin.String(HomeButtonSelected),4)">Skin.SetString(HomeButton4Value,Favourites)</onclick>
				<onclick condition="StringCompare(Skin.String(HomeButtonSelected),5)">Skin.SetString(HomeButton5Value,Favourites)</onclick>
				<onclick condition="StringCompare(Skin.String(HomeButtonSelected),6)">Skin.SetString(HomeButton6Value,Favourites)</onclick>
				<onclick>Skin.SetString(HomeButtonSelected,)</onclick>
				<onclick>Dialog.Close(1117)</onclick>
			</control>
		</control>
		<control type="scrollbar" id="30">
			<posx>575</posx>
			<posy>80</posy>
			<width>19</width>
			<height>350</height>
			<texturesliderbackground border="0,14,0,14">ScrollBarV.png</texturesliderbackground>
			<texturesliderbar border="0,14,0,14">ScrollBarV_bar.png</texturesliderbar>
			<texturesliderbarfocus border="0,14,0,14">ScrollBarV_bar_focus.png</texturesliderbarfocus>
			<textureslidernib>ScrollBarNib.png</textureslidernib>
			<textureslidernibfocus>ScrollBarNib.png</textureslidernibfocus>
			<onleft>2</onleft>
			<onright>9</onright>
			<showonepage>false</showonepage>
			<orientation>vertical</orientation>
		</control>
	</controls>
</window>


