<includes>
	<variable name="HomeButtonValue1">
		<value condition="StringCompare(Skin.String(HomeButton1Value),RadioFM)">$LOCALIZE[40003]</value>
		<value condition="StringCompare(Skin.String(HomeButton1Value),Pictures)">$LOCALIZE[40002]</value>
		<value condition="StringCompare(Skin.String(HomeButton1Value),Albums)">$LOCALIZE[40004]</value>
		<value condition="StringCompare(Skin.String(HomeButton1Value),Movies)">$LOCALIZE[40022]</value>
		<value condition="StringCompare(Skin.String(HomeButton1Value),Musicvideos)">$LOCALIZE[40001]</value>
		<value condition="StringCompare(Skin.String(HomeButton1Value),Playlists)">$LOCALIZE[40051]</value>
		<value condition="StringCompare(Skin.String(HomeButton1Value),Navigation)">$LOCALIZE[40008]</value>
		<value condition="StringCompare(Skin.String(HomeButton1Value),Favourites)">$LOCALIZE[40007]</value>
		<value condition="StringCompare(Skin.String(HomeButton1Value),Shutdown)">$LOCALIZE[40006]</value>
		<value>- - -</value>
	</variable>
	<variable name="HomeButtonValue2">
		<value condition="StringCompare(Skin.String(HomeButton2Value),RadioFM)">$LOCALIZE[40003]</value>
		<value condition="StringCompare(Skin.String(HomeButton2Value),Pictures)">$LOCALIZE[40002]</value>
		<value condition="StringCompare(Skin.String(HomeButton2Value),Albums)">$LOCALIZE[40004]</value>
		<value condition="StringCompare(Skin.String(HomeButton2Value),Movies)">$LOCALIZE[40022]</value>
		<value condition="StringCompare(Skin.String(HomeButton2Value),Musicvideos)">$LOCALIZE[40001]</value>
		<value condition="StringCompare(Skin.String(HomeButton2Value),Playlists)">$LOCALIZE[40051]</value>
		<value condition="StringCompare(Skin.String(HomeButton2Value),Navigation)">$LOCALIZE[40008]</value>
		<value condition="StringCompare(Skin.String(HomeButton2Value),Favourites)">$LOCALIZE[40007]</value>
		<value condition="StringCompare(Skin.String(HomeButton2Value),Shutdown)">$LOCALIZE[40006]</value>
		<value>- - -</value>
	</variable>
	<variable name="HomeButtonValue3">
		<value condition="StringCompare(Skin.String(HomeButton3Value),RadioFM)">$LOCALIZE[40003]</value>
		<value condition="StringCompare(Skin.String(HomeButton3Value),Pictures)">$LOCALIZE[40002]</value>
		<value condition="StringCompare(Skin.String(HomeButton3Value),Albums)">$LOCALIZE[40004]</value>
		<value condition="StringCompare(Skin.String(HomeButton3Value),Movies)">$LOCALIZE[40022]</value>
		<value condition="StringCompare(Skin.String(HomeButton3Value),Musicvideos)">$LOCALIZE[40001]</value>
		<value condition="StringCompare(Skin.String(HomeButton3Value),Playlists)">$LOCALIZE[40051]</value>
		<value condition="StringCompare(Skin.String(HomeButton3Value),Navigation)">$LOCALIZE[40008]</value>
		<value condition="StringCompare(Skin.String(HomeButton3Value),Favourites)">$LOCALIZE[40007]</value>
		<value condition="StringCompare(Skin.String(HomeButton3Value),Shutdown)">$LOCALIZE[40006]</value>
		<value>- - -</value>
	</variable>
	<variable name="HomeButtonValue4">
		<value condition="StringCompare(Skin.String(HomeButton4Value),RadioFM)">$LOCALIZE[40003]</value>
		<value condition="StringCompare(Skin.String(HomeButton4Value),Pictures)">$LOCALIZE[40002]</value>
		<value condition="StringCompare(Skin.String(HomeButton4Value),Albums)">$LOCALIZE[40004]</value>
		<value condition="StringCompare(Skin.String(HomeButton4Value),Movies)">$LOCALIZE[40022]</value>
		<value condition="StringCompare(Skin.String(HomeButton4Value),Musicvideos)">$LOCALIZE[40001]</value>
		<value condition="StringCompare(Skin.String(HomeButton4Value),Playlists)">$LOCALIZE[40051]</value>
		<value condition="StringCompare(Skin.String(HomeButton4Value),Navigation)">$LOCALIZE[40008]</value>
		<value condition="StringCompare(Skin.String(HomeButton4Value),Favourites)">$LOCALIZE[40007]</value>
		<value condition="StringCompare(Skin.String(HomeButton4Value),Shutdown)">$LOCALIZE[40006]</value>
		<value>- - -</value>
	</variable>
	<variable name="HomeButtonValue5">
		<value condition="StringCompare(Skin.String(HomeButton5Value),RadioFM)">$LOCALIZE[40003]</value>
		<value condition="StringCompare(Skin.String(HomeButton5Value),Pictures)">$LOCALIZE[40002]</value>
		<value condition="StringCompare(Skin.String(HomeButton5Value),Albums)">$LOCALIZE[40004]</value>
		<value condition="StringCompare(Skin.String(HomeButton5Value),Movies)">$LOCALIZE[40022]</value>
		<value condition="StringCompare(Skin.String(HomeButton5Value),Musicvideos)">$LOCALIZE[40001]</value>
		<value condition="StringCompare(Skin.String(HomeButton5Value),Playlists)">$LOCALIZE[40051]</value>
		<value condition="StringCompare(Skin.String(HomeButton5Value),Navigation)">$LOCALIZE[40008]</value>
		<value condition="StringCompare(Skin.String(HomeButton5Value),Favourites)">$LOCALIZE[40007]</value>
		<value condition="StringCompare(Skin.String(HomeButton5Value),Shutdown)">$LOCALIZE[40006]</value>
		<value>- - -</value>
	</variable>
	<variable name="HomeButtonValue6">
		<value condition="StringCompare(Skin.String(HomeButton6Value),RadioFM)">$LOCALIZE[40003]</value>
		<value condition="StringCompare(Skin.String(HomeButton6Value),Pictures)">$LOCALIZE[40002]</value>
		<value condition="StringCompare(Skin.String(HomeButton6Value),Albums)">$LOCALIZE[40004]</value>
		<value condition="StringCompare(Skin.String(HomeButton6Value),Movies)">$LOCALIZE[40022]</value>
		<value condition="StringCompare(Skin.String(HomeButton6Value),Musicvideos)">$LOCALIZE[40001]</value>
		<value condition="StringCompare(Skin.String(HomeButton6Value),Playlists)">$LOCALIZE[40051]</value>
		<value condition="StringCompare(Skin.String(HomeButton6Value),Navigation)">$LOCALIZE[40008]</value>
		<value condition="StringCompare(Skin.String(HomeButton6Value),Favourites)">$LOCALIZE[40007]</value>
		<value condition="StringCompare(Skin.String(HomeButton6Value),Shutdown)">$LOCALIZE[40006]</value>
		<value>- - -</value>
	</variable>
	<variable name="HomeButtonImage1">
		<value condition="StringCompare(Skin.String(HomeButton1Value),RadioFM)">radio2.png</value>
		<value condition="StringCompare(Skin.String(HomeButton1Value),Pictures)">pictures2.png</value>
		<value condition="StringCompare(Skin.String(HomeButton1Value),Albums)">music2.png</value>
		<value condition="StringCompare(Skin.String(HomeButton1Value),Movies)">video2.png</value>
		<value condition="StringCompare(Skin.String(HomeButton1Value),Musicvideos)">video2.png</value>
		<value condition="StringCompare(Skin.String(HomeButton1Value),Playlists)">playlist2.png</value>
		<value condition="StringCompare(Skin.String(HomeButton1Value),Navigation)">navit_logo2.png</value>
		<value condition="StringCompare(Skin.String(HomeButton1Value),Favourites)">icon_favourites_w.png</value>
		<value condition="StringCompare(Skin.String(HomeButton1Value),Shutdown)">shut-down2.png</value>
		<value></value>
	</variable>
	<variable name="HomeButtonImage2">
		<value condition="StringCompare(Skin.String(HomeButton2Value),RadioFM)">radio2.png</value>
		<value condition="StringCompare(Skin.String(HomeButton2Value),Pictures)">pictures2.png</value>
		<value condition="StringCompare(Skin.String(HomeButton2Value),Albums)">music2.png</value>
		<value condition="StringCompare(Skin.String(HomeButton2Value),Movies)">video2.png</value>
		<value condition="StringCompare(Skin.String(HomeButton2Value),Musicvideos)">video2.png</value>
		<value condition="StringCompare(Skin.String(HomeButton2Value),Playlists)">playlist2.png</value>
		<value condition="StringCompare(Skin.String(HomeButton2Value),Navigation)">navit_logo2.png</value>
		<value condition="StringCompare(Skin.String(HomeButton2Value),Favourites)">icon_favourites_w.png</value>
		<value condition="StringCompare(Skin.String(HomeButton2Value),Shutdown)">shut-down2.png</value>
		<value></value>
	</variable>
	<variable name="HomeButtonImage3">
		<value condition="StringCompare(Skin.String(HomeButton3Value),RadioFM)">radio2.png</value>
		<value condition="StringCompare(Skin.String(HomeButton3Value),Pictures)">pictures2.png</value>
		<value condition="StringCompare(Skin.String(HomeButton3Value),Albums)">music2.png</value>
		<value condition="StringCompare(Skin.String(HomeButton3Value),Movies)">video2.png</value>
		<value condition="StringCompare(Skin.String(HomeButton3Value),Musicvideos)">video2.png</value>
		<value condition="StringCompare(Skin.String(HomeButton3Value),Playlists)">playlist2.png</value>
		<value condition="StringCompare(Skin.String(HomeButton3Value),Navigation)">navit_logo2.png</value>
		<value condition="StringCompare(Skin.String(HomeButton3Value),Favourites)">icon_favourites_w.png</value>
		<value condition="StringCompare(Skin.String(HomeButton3Value),Shutdown)">shut-down2.png</value>
		<value></value>
	</variable>
	<variable name="HomeButtonImage4">
		<value condition="StringCompare(Skin.String(HomeButton4Value),RadioFM)">radio2.png</value>
		<value condition="StringCompare(Skin.String(HomeButton4Value),Pictures)">pictures2.png</value>
		<value condition="StringCompare(Skin.String(HomeButton4Value),Albums)">music2.png</value>
		<value condition="StringCompare(Skin.String(HomeButton4Value),Movies)">video2.png</value>
		<value condition="StringCompare(Skin.String(HomeButton4Value),Musicvideos)">video2.png</value>
		<value condition="StringCompare(Skin.String(HomeButton4Value),Playlists)">playlist2.png</value>
		<value condition="StringCompare(Skin.String(HomeButton4Value),Navigation)">navit_logo2.png</value>
		<value condition="StringCompare(Skin.String(HomeButton4Value),Favourites)">icon_favourites_w.png</value>
		<value condition="StringCompare(Skin.String(HomeButton4Value),Shutdown)">shut-down2.png</value>
		<value></value>
	</variable>
	<variable name="HomeButtonImage5">
		<value condition="StringCompare(Skin.String(HomeButton5Value),RadioFM)">radio2.png</value>
		<value condition="StringCompare(Skin.String(HomeButton5Value),Pictures)">pictures2.png</value>
		<value condition="StringCompare(Skin.String(HomeButton5Value),Albums)">music2.png</value>
		<value condition="StringCompare(Skin.String(HomeButton5Value),Movies)">video2.png</value>
		<value condition="StringCompare(Skin.String(HomeButton5Value),Musicvideos)">video2.png</value>
		<value condition="StringCompare(Skin.String(HomeButton5Value),Playlists)">playlist2.png</value>
		<value condition="StringCompare(Skin.String(HomeButton5Value),Navigation)">navit_logo2.png</value>
		<value condition="StringCompare(Skin.String(HomeButton5Value),Favourites)">icon_favourites_w.png</value>
		<value condition="StringCompare(Skin.String(HomeButton5Value),Shutdown)">shut-down2.png</value>
		<value></value>
	</variable>
	<variable name="HomeButtonImage6">
		<value condition="StringCompare(Skin.String(HomeButton6Value),RadioFM)">radio2.png</value>
		<value condition="StringCompare(Skin.String(HomeButton6Value),Pictures)">pictures2.png</value>
		<value condition="StringCompare(Skin.String(HomeButton6Value),Albums)">music2.png</value>
		<value condition="StringCompare(Skin.String(HomeButton6Value),Movies)">video2.png</value>
		<value condition="StringCompare(Skin.String(HomeButton6Value),Musicvideos)">video2.png</value>
		<value condition="StringCompare(Skin.String(HomeButton6Value),Playlists)">playlist2.png</value>
		<value condition="StringCompare(Skin.String(HomeButton6Value),Navigation)">navit_logo2.png</value>
		<value condition="StringCompare(Skin.String(HomeButton6Value),Favourites)">icon_favourites_w.png</value>
		<value condition="StringCompare(Skin.String(HomeButton6Value),Shutdown)">shut-down2.png</value>
		<value></value>
	</variable>

	<include name="HomeButton1">
		<control type="group">
			<include>Window_OpenClose_Animation_Zoom</include>
			<posx>20</posx>
			<posy>135</posy>
			<visible>true</visible>
			<include>VisibleFadeEffect</include>
			<control type="button" id="8001">
				<description>Button 1</description>
				<posx>0</posx>
				<posy>0</posy>
				<width>540</width>
				<height>130</height>
				<texturenofocus >home_1.png</texturenofocus>
				<texturefocus border="5">home_1_p.png</texturefocus>
				<onclick condition="StringCompare(Skin.String(HomeButton1Value),RadioFM)">RunPlugin(plugin://plugin.program.radioFM)</onclick>
				<onclick condition="StringCompare(Skin.String(HomeButton1Value),Pictures)">ActivateWindow(Pictures)</onclick>
				<onclick condition="StringCompare(Skin.String(HomeButton1Value),Albums)">ActivateWindow(Music,Albums)</onclick>
				<onclick condition="StringCompare(Skin.String(HomeButton1Value),Movies)">ActivateWindow(Video,MovieTitles)</onclick>
				<onclick condition="StringCompare(Skin.String(HomeButton1Value),Musicvideos)">ActivateWindow(Videos,MusicVideoTitles)</onclick>
				<onclick condition="StringCompare(Skin.String(HomeButton1Value),Playlists)">ActivateWindow(Music,special://musicplaylists/)</onclick>
				<onclick condition="StringCompare(Skin.String(HomeButton1Value),Navigation)">RunPlugin(plugin://plugin.program.navigation)</onclick>
				<onclick condition="StringCompare(Skin.String(HomeButton1Value),Favourites)">ActivateWindow(Favourites)</onclick>
				<onclick condition="StringCompare(Skin.String(HomeButton1Value),Shutdown)">ActivateWindow(1998)</onclick>
				<onup>9002</onup>
				<ondown>8002</ondown>
				<onright>8004</onright>
			</control>
			<control type="image">
				<description>Button 1 Image</description>
				<posx>30</posx>
				<posy>25</posy>
				<width>80</width>
				<height>80</height>
				<texture>$VAR[HomeButtonImage1]</texture>
			</control>
			<control type="label">
				<description>Button 1 Label</description>
				<posx>122</posx>
				<posy>22</posy>
				<height>90</height>
				<width>250</width>
				<label>$VAR[HomeButtonValue1]</label>
				<align>left</align>
				<aligny>center</aligny>
				<font>font40_title</font>
				<textcolor>FFFFFFFF</textcolor>
			</control>
		</control>
	</include>

	<include name="HomeButton2">
		<control type="group">
			<include>Window_OpenClose_Animation_Zoom</include>
			<posx>20</posx>
			<posy>284</posy>
			<include>VisibleFadeEffect</include>
			<control type="button" id="8002">
				<description>Button 2</description>
				<posx>0</posx>
				<posy>0</posy>
				<width>408</width>
				<height>130</height>				
				<texturenofocus>home_2.png</texturenofocus>
				<texturefocus border="5">home_2_p.png</texturefocus>
				<onclick condition="StringCompare(Skin.String(HomeButton2Value),RadioFM)">RunPlugin(plugin://plugin.program.radioFM)</onclick>
				<onclick condition="StringCompare(Skin.String(HomeButton2Value),Pictures)">ActivateWindow(Pictures)</onclick>
				<onclick condition="StringCompare(Skin.String(HomeButton2Value),Albums)">ActivateWindow(Music,Albums)</onclick>
				<onclick condition="StringCompare(Skin.String(HomeButton2Value),Movies)">ActivateWindow(Video,MovieTitles)</onclick>
				<onclick condition="StringCompare(Skin.String(HomeButton2Value),Musicvideos)">ActivateWindow(Videos,MusicVideoTitles)</onclick>
				<onclick condition="StringCompare(Skin.String(HomeButton2Value),Playlists)">ActivateWindow(Music,special://musicplaylists/)</onclick>
				<onclick condition="StringCompare(Skin.String(HomeButton2Value),Navigation)">RunPlugin(plugin://plugin.program.navigation)</onclick>
				<onclick condition="StringCompare(Skin.String(HomeButton2Value),Favourites)">ActivateWindow(Favourites)</onclick>
				<onclick condition="StringCompare(Skin.String(HomeButton2Value),Shutdown)">ActivateWindow(1998)</onclick>
				<onup>8001</onup>
				<ondown>8003</ondown>
				<onright>8005</onright>
			</control>
			<control type="image">
				<description>Button 2 Image</description>
				<posx>30</posx>
				<posy>30</posy>
				<width>80</width>
				<height>80</height>
				<texture>$VAR[HomeButtonImage2]</texture>
			</control>
			<control type="label">
				<description>Button 2 Label</description>
				<posx>122</posx>
				<posy>22</posy>
				<height>90</height>
				<width>250</width>
				<label>$VAR[HomeButtonValue2]</label>
				<align>left</align>
				<aligny>center</aligny>
				<font>font40_title</font>
				<textcolor>FFFFFFFF</textcolor>					
			</control>
		</control>
	</include>

	<include name="HomeButton3">
		<control type="group">
			<include>Window_OpenClose_Animation_Zoom</include>
			<posx>20</posx>
			<posy>430</posy>
			<include>VisibleFadeEffect</include>
			<control type="button" id="8003">
				<description>Button 3</description>
				<posx>0</posx>
				<posy>0</posy>
				<width>540</width>
				<height>130</height>
				<texturenofocus >home_3.png</texturenofocus>
				<texturefocus border="5">home_3_p.png</texturefocus>
				<onclick condition="StringCompare(Skin.String(HomeButton3Value),RadioFM)">RunPlugin(plugin://plugin.program.radioFM)</onclick>
				<onclick condition="StringCompare(Skin.String(HomeButton3Value),Pictures)">ActivateWindow(Pictures)</onclick>
				<onclick condition="StringCompare(Skin.String(HomeButton3Value),Albums)">ActivateWindow(Music,Albums)</onclick>
				<onclick condition="StringCompare(Skin.String(HomeButton3Value),Movies)">ActivateWindow(Video,MovieTitles)</onclick>
				<onclick condition="StringCompare(Skin.String(HomeButton3Value),Musicvideos)">ActivateWindow(Videos,MusicVideoTitles)</onclick>
				<onclick condition="StringCompare(Skin.String(HomeButton3Value),Playlists)">ActivateWindow(Music,special://musicplaylists/)</onclick>
				<onclick condition="StringCompare(Skin.String(HomeButton3Value),Navigation)">RunPlugin(plugin://plugin.program.navigation)</onclick>
				<onclick condition="StringCompare(Skin.String(HomeButton3Value),Favourites)">ActivateWindow(Favourites)</onclick>
				<onclick condition="StringCompare(Skin.String(HomeButton3Value),Shutdown)">ActivateWindow(1998)</onclick>
				<onup>8002</onup>
				<ondown>8004</ondown>
				<onright>8006</onright>
			</control>
			<control type="image">
				<description>Button 3 Image</description>
				<posx>30</posx>
				<posy>30</posy>
				<width>80</width>
				<height>80</height>
				<texture>$VAR[HomeButtonImage3]</texture>
			</control>
			<control type="label">
				<description>Button 3 Label</description>
				<posx>122</posx>
				<posy>22</posy>
				<height>90</height>
				<width>250</width>
				<label>$VAR[HomeButtonValue3]</label>
				<align>left</align>
				<aligny>center</aligny>
				<font>font40_title</font>
				<textcolor>FFFFFFFF</textcolor>
			</control>
		</control>
	</include>

	<include name="HomeButton4">
		<control type="group">
			<include>Window_OpenClose_Animation_Zoom</include>
			<posx>560r</posx>
			<posy>135</posy>
			<include>VisibleFadeEffect</include>
			<control type="button" id="8004">
				<description>Button 4</description>
				<posx>0</posx>
				<posy>0</posy>
				<width>540</width>
				<height>130</height>
				<font>-</font>
				<texturenofocus >home_4.png</texturenofocus>
				<texturefocus border="5">home_4_p.png</texturefocus>
				<onclick condition="StringCompare(Skin.String(HomeButton4Value),RadioFM)">RunPlugin(plugin://plugin.program.radioFM)</onclick>
				<onclick condition="StringCompare(Skin.String(HomeButton4Value),Pictures)">ActivateWindow(Pictures)</onclick>
				<onclick condition="StringCompare(Skin.String(HomeButton4Value),Albums)">ActivateWindow(Music,Albums)</onclick>
				<onclick condition="StringCompare(Skin.String(HomeButton4Value),Movies)">ActivateWindow(Video,MovieTitles)</onclick>
				<onclick condition="StringCompare(Skin.String(HomeButton4Value),Musicvideos)">ActivateWindow(Videos,MusicVideoTitles)</onclick>
				<onclick condition="StringCompare(Skin.String(HomeButton4Value),Playlists)">ActivateWindow(Music,special://musicplaylists/)</onclick>
				<onclick condition="StringCompare(Skin.String(HomeButton4Value),Navigation)">RunPlugin(plugin://plugin.program.navigation)</onclick>
				<onclick condition="StringCompare(Skin.String(HomeButton4Value),Favourites)">ActivateWindow(Favourites)</onclick>
				<onclick condition="StringCompare(Skin.String(HomeButton4Value),Shutdown)">ActivateWindow(1998)</onclick>
				<onup>8003</onup>
				<ondown>8005</ondown>
				<onleft>8001</onleft>
			</control>
			<control type="image">
				<description>Button 4 Image</description>
				<posx>140r</posx>
				<posy>30</posy>
				<width>80</width>
				<height>80</height>
				<texture>$VAR[HomeButtonImage4]</texture>
			</control>
			<control type="label">
				<description>Button 4 Label</description>
				<posx>147r</posx>
				<posy>22</posy>
				<height>90</height>
				<width>250</width>
				<label>$VAR[HomeButtonValue4]</label>
				<align>right</align>
				<aligny>center</aligny>
				<font>font40_title</font>
				<textcolor>FFFFFFFF</textcolor>		
			</control>
		</control>
	</include>

	<include name="HomeButton5">
		<control type="group">
			<include>Window_OpenClose_Animation_Zoom</include>
			<posx>428r</posx>
			<posy>284</posy>
			<include>VisibleFadeEffect</include>
			<control type="button" id="8005">
				<description>Button 5</description>
				<posx>0</posx>
				<posy>0</posy>
				<width>408</width>
				<height>130</height>
				<font>-</font>
				<texturenofocus >home_5.png</texturenofocus>
				<texturefocus border="5">home_5_p.png</texturefocus>
				<onclick condition="StringCompare(Skin.String(HomeButton5Value),RadioFM)">RunPlugin(plugin://plugin.program.radioFM)</onclick>
				<onclick condition="StringCompare(Skin.String(HomeButton5Value),Pictures)">ActivateWindow(Pictures)</onclick>
				<onclick condition="StringCompare(Skin.String(HomeButton5Value),Albums)">ActivateWindow(Music,Albums)</onclick>
				<onclick condition="StringCompare(Skin.String(HomeButton5Value),Movies)">ActivateWindow(Video,MovieTitles)</onclick>
				<onclick condition="StringCompare(Skin.String(HomeButton5Value),Musicvideos)">ActivateWindow(Videos,MusicVideoTitles)</onclick>
				<onclick condition="StringCompare(Skin.String(HomeButton5Value),Playlists)">ActivateWindow(Music,special://musicplaylists/)</onclick>
				<onclick condition="StringCompare(Skin.String(HomeButton5Value),Navigation)">RunPlugin(plugin://plugin.program.navigation)</onclick>
				<onclick condition="StringCompare(Skin.String(HomeButton5Value),Favourites)">ActivateWindow(Favourites)</onclick>
				<onclick condition="StringCompare(Skin.String(HomeButton5Value),Shutdown)">ActivateWindow(1998)</onclick>
				<onup>8004</onup>
				<ondown>8006</ondown>
				<onleft>8002</onleft>
			</control>
			<control type="image">
				<description>Button 5 Image</description>
				<posx>140r</posx>
				<posy>30</posy>
				<width>80</width>
				<height>80</height>
				<texture>$VAR[HomeButtonImage5]</texture>
			</control>
			<control type="label">
				<description>Button 5 Label</description>
				<posx>147r</posx>
				<posy>22</posy>
				<height>90</height>
				<width>250</width>
				<label>$VAR[HomeButtonValue5]</label>
				<align>right</align>
				<aligny>center</aligny>
				<font>font40_title</font>
				<textcolor>FFFFFFFF</textcolor>			
			</control>
		</control>
	</include>

	<include name="HomeButton6">
		<control type="group">
			<include>Window_OpenClose_Animation_Zoom</include>
			<posx>560r</posx>
			<posy>430</posy>
			<include>VisibleFadeEffect</include>
			<control type="button" id="8006">
				<description>Button 6</description>
				<posx>0</posx>
				<posy>0</posy>
				<width>540</width>
				<height>130</height>
				<font>-</font>
				<texturenofocus>home_6.png</texturenofocus>
				<texturefocus border="5">home_6_p.png</texturefocus>
				<onclick condition="StringCompare(Skin.String(HomeButton6Value),RadioFM)">RunPlugin(plugin://plugin.program.radioFM)</onclick>
				<onclick condition="StringCompare(Skin.String(HomeButton6Value),Pictures)">ActivateWindow(Pictures)</onclick>
				<onclick condition="StringCompare(Skin.String(HomeButton6Value),Albums)">ActivateWindow(Music,Albums)</onclick>
				<onclick condition="StringCompare(Skin.String(HomeButton6Value),Movies)">ActivateWindow(Video,MovieTitles)</onclick>
				<onclick condition="StringCompare(Skin.String(HomeButton6Value),Musicvideos)">ActivateWindow(Videos,MusicVideoTitles)</onclick>
				<onclick condition="StringCompare(Skin.String(HomeButton6Value),Playlists)">ActivateWindow(Music,special://musicplaylists/)</onclick>
				<onclick condition="StringCompare(Skin.String(HomeButton6Value),Navigation)">RunPlugin(plugin://plugin.program.navigation)</onclick>
				<onclick condition="StringCompare(Skin.String(HomeButton6Value),Favourites)">ActivateWindow(Favourites)</onclick>
				<onclick condition="StringCompare(Skin.String(HomeButton6Value),Shutdown)">ActivateWindow(1998)</onclick>
				<onup>8005</onup>
				<ondown>9002</ondown>
				<onleft>8003</onleft>
			</control>
			<control type="image">
				<description>Button 6 Image</description>
				<posx>140r</posx>
				<posy>30</posy>
				<width>80</width>
				<height>80</height>
				<texture>$VAR[HomeButtonImage6]</texture>
			</control>
			<control type="label">
				<description>Button 6 Label</description>
				<posx>147r</posx>
				<posy>22</posy>
				<height>90</height>
				<width>250</width>
				<label>$VAR[HomeButtonValue6]</label>
				<align>right</align>
				<aligny>center</aligny>
				<font>font40_title</font>
				<textcolor>FFFFFFFF</textcolor>			
			</control>
		</control>
	</include>		
</includes>
